Title,Source,File_path,IMDb_id
slumdog millionaire,agarwal,./data/agarwal2015_screenplays/eva_test_set/51e2fe98144cce5b901a95dc_Slumdog_Millionaire.txt,1010048
silver linings playbook,agarwal,./data/agarwal2015_screenplays/eva_test_set/51e301b71f7f8ee49901b143_Silver_Linings_Playbook.txt,1045658
bridesmaids,agarwal,./data/agarwal2015_screenplays/eva_test_set/51e301b81f7f8ee49901b19b_Bridesmaids.txt,
colombiana,agarwal,./data/agarwal2015_screenplays/eva_test_set/51e301b81f7f8ee49901b1a8_Colombiana.txt,1657507
avatar,agarwal,./data/agarwal2015_screenplays/eva_test_set/51e301b81f7f8ee49901b3bc_Avatar.txt,0499549
he s just not that into you,agarwal,./data/agarwal2015_screenplays/eva_test_set/51e301b81f7f8ee49901b412_He_s_Just_Not_That_Into_You.txt,1001508
sherlock holmes,agarwal,./data/agarwal2015_screenplays/eva_test_set/51e301b91f7f8ee49901b474_Sherlock_Holmes.txt,
sex and the city,agarwal,./data/agarwal2015_screenplays/eva_test_set/51e301b91f7f8ee49901b53f_Sex_and_the_City.txt,
the hitchhiker s guide to the galaxy,agarwal,./data/agarwal2015_screenplays/eva_test_set/51e301ba1f7f8ee49901b6d8_The_Hitchhiker_s_Guide_to_the_Galaxy.txt,
charlie s angels,agarwal,./data/agarwal2015_screenplays/eva_test_set/51e301bb1f7f8ee49901b8bc_Charlie_s_Angels.txt,
cruel intentions,agarwal,./data/agarwal2015_screenplays/eva_test_set/51e301bb1f7f8ee49901b909_Cruel_Intentions.txt,
the african queen,agarwal,./data/agarwal2015_screenplays/fail/51e2fe98144cce5b901a94d1_The_African_Queen.txt,
amadeus,agarwal,./data/agarwal2015_screenplays/fail/51e2fe98144cce5b901a94d7_Amadeus.txt,
american beauty,agarwal,./data/agarwal2015_screenplays/fail/51e2fe98144cce5b901a94d8_American_Beauty.txt,
austin powers  international man of mystery,agarwal,./data/agarwal2015_screenplays/fail/51e2fe98144cce5b901a94e3_Austin_Powers__International_Man_of_Mystery.txt,0118655
batman,agarwal,./data/agarwal2015_screenplays/fail/51e2fe98144cce5b901a94ee_Batman.txt,0096895
batman begins,agarwal,./data/agarwal2015_screenplays/fail/51e2fe98144cce5b901a94ef_Batman_Begins.txt,0372784
being john malkovich,agarwal,./data/agarwal2015_screenplays/fail/51e2fe98144cce5b901a94f1_Being_John_Malkovich.txt,
big fish,agarwal,./data/agarwal2015_screenplays/fail/51e2fe98144cce5b901a94f3_Big_Fish.txt,0319061
the birds,agarwal,./data/agarwal2015_screenplays/fail/51e2fe98144cce5b901a94f5_The_Birds.txt,0049011
the bourne identity,agarwal,./data/agarwal2015_screenplays/fail/51e2fe98144cce5b901a94fd_The_Bourne_Identity.txt,0258463
the bourne supremacy,agarwal,./data/agarwal2015_screenplays/fail/51e2fe98144cce5b901a94fe_The_Bourne_Supremacy.txt,0372183
capote,agarwal,./data/agarwal2015_screenplays/fail/51e2fe98144cce5b901a9505_Capote.txt,0379725
casino,agarwal,./data/agarwal2015_screenplays/fail/51e2fe98144cce5b901a9507_Casino.txt,0112641
citizen kane,agarwal,./data/agarwal2015_screenplays/fail/51e2fe98144cce5b901a950d_Citizen_Kane.txt,0033467
detroit rock city,agarwal,./data/agarwal2015_screenplays/fail/51e2fe98144cce5b901a951c_Detroit_Rock_City.txt,0165710
dog day afternoon,agarwal,./data/agarwal2015_screenplays/fail/51e2fe98144cce5b901a951d_Dog_Day_Afternoon.txt,0072890
donnie brasco,agarwal,./data/agarwal2015_screenplays/fail/51e2fe98144cce5b901a951e_Donnie_Brasco.txt,0119008
donnie darko,agarwal,./data/agarwal2015_screenplays/fail/51e2fe98144cce5b901a951f_Donnie_Darko.txt,0246578
double indemnity,agarwal,./data/agarwal2015_screenplays/fail/51e2fe98144cce5b901a9521_Double_Indemnity.txt,
drop dead gorgeous,agarwal,./data/agarwal2015_screenplays/fail/51e2fe98144cce5b901a9523_Drop_Dead_Gorgeous.txt,
excalibur,agarwal,./data/agarwal2015_screenplays/fail/51e2fe98144cce5b901a952d_Excalibur.txt,0082348
forrest gump,agarwal,./data/agarwal2015_screenplays/fail/51e2fe98144cce5b901a9538_Forrest_Gump.txt,0109830
four rooms,agarwal,./data/agarwal2015_screenplays/fail/51e2fe98144cce5b901a9539_Four_Rooms.txt,0113101
the graduate,agarwal,./data/agarwal2015_screenplays/fail/51e2fe98144cce5b901a9548_The_Graduate.txt,
hannah and her sisters,agarwal,./data/agarwal2015_screenplays/fail/51e2fe98144cce5b901a954e_Hannah_and_Her_Sisters.txt,0091167
his girl friday,agarwal,./data/agarwal2015_screenplays/fail/51e2fe98144cce5b901a9558_His_Girl_Friday.txt,0032599
indiana jones and the temple of doom,agarwal,./data/agarwal2015_screenplays/fail/51e2fe98144cce5b901a9564_Indiana_Jones_and_the_Temple_of_Doom.txt,
the italian job,agarwal,./data/agarwal2015_screenplays/fail/51e2fe98144cce5b901a9568_The_Italian_Job.txt,0317740
jackie brown,agarwal,./data/agarwal2015_screenplays/fail/51e2fe98144cce5b901a956a_Jackie_Brown.txt,
the jackie robinson story,agarwal,./data/agarwal2015_screenplays/fail/51e2fe98144cce5b901a956b_The_Jackie_Robinson_Story.txt,0042609
jaws,agarwal,./data/agarwal2015_screenplays/fail/51e2fe98144cce5b901a956e_Jaws.txt,0073195
jaws 2,agarwal,./data/agarwal2015_screenplays/fail/51e2fe98144cce5b901a956f_Jaws_2.txt,0077766
lost horizon,agarwal,./data/agarwal2015_screenplays/fail/51e2fe98144cce5b901a9587_Lost_Horizon.txt,
the lost weekend,agarwal,./data/agarwal2015_screenplays/fail/51e2fe98144cce5b901a9588_The_Lost_Weekend.txt,0037884
the majestic,agarwal,./data/agarwal2015_screenplays/fail/51e2fe98144cce5b901a958b_The_Majestic.txt,
man on fire,agarwal,./data/agarwal2015_screenplays/fail/51e2fe98144cce5b901a958f_Man_on_Fire.txt,0093489
the naked city,agarwal,./data/agarwal2015_screenplays/fail/51e2fe98144cce5b901a95a5_The_Naked_City.txt,0040636
the pianist,agarwal,./data/agarwal2015_screenplays/fail/51e2fe98144cce5b901a95b2_The_Pianist.txt,0253474
the producers,agarwal,./data/agarwal2015_screenplays/fail/51e2fe98144cce5b901a95b7_The_Producers.txt,0063462
pulp fiction,agarwal,./data/agarwal2015_screenplays/fail/51e2fe98144cce5b901a95bc_Pulp_Fiction.txt,0110912
reindeer games,agarwal,./data/agarwal2015_screenplays/fail/51e2fe98144cce5b901a95c3_Reindeer_Games.txt,0184858
saving private ryan,agarwal,./data/agarwal2015_screenplays/fail/51e2fe98144cce5b901a95c8_Saving_Private_Ryan.txt,
scary movie 2,agarwal,./data/agarwal2015_screenplays/fail/51e2fe98144cce5b901a95c9_Scary_Movie_2.txt,0257106
seven,agarwal,./data/agarwal2015_screenplays/fail/51e2fe98144cce5b901a95cf_Seven.txt,0114369
shakespeare in love,agarwal,./data/agarwal2015_screenplays/fail/51e2fe98144cce5b901a95d2_Shakespeare_in_Love.txt,0138097
sideways,agarwal,./data/agarwal2015_screenplays/fail/51e2fe98144cce5b901a95d4_Sideways.txt,0375063
silverado,agarwal,./data/agarwal2015_screenplays/fail/51e2fe98144cce5b901a95d8_Silverado.txt,0090022
slumdog millionaire,agarwal,./data/agarwal2015_screenplays/fail/51e2fe98144cce5b901a95dc_Slumdog_Millionaire.txt,
so i married an axe murderer,agarwal,./data/agarwal2015_screenplays/fail/51e2fe98144cce5b901a95df_So_I_Married_an_Axe_Murderer.txt,0108174
state and main,agarwal,./data/agarwal2015_screenplays/fail/51e2fe98144cce5b901a95eb_State_and_Main.txt,0120202
taxi driver,agarwal,./data/agarwal2015_screenplays/fail/51e2fe98144cce5b901a95f2_Taxi_Driver.txt,0075314
terminator 2  judgment day,agarwal,./data/agarwal2015_screenplays/fail/51e2fe98144cce5b901a95f4_Terminator_2__Judgment_Day.txt,0103064
the thing,agarwal,./data/agarwal2015_screenplays/fail/51e2fe98144cce5b901a95f7_The_Thing.txt,0084787
true believer,agarwal,./data/agarwal2015_screenplays/fail/51e2fe98144cce5b901a95fd_True_Believer.txt,0098524
very bad things,agarwal,./data/agarwal2015_screenplays/fail/51e2fe98144cce5b901a9605_Very_Bad_Things.txt,0124198
watchmen,agarwal,./data/agarwal2015_screenplays/fail/51e2fe98144cce5b901a9607_Watchmen.txt,
young frankenstein,agarwal,./data/agarwal2015_screenplays/fail/51e2fe98144cce5b901a9615_Young_Frankenstein.txt,0072431
a clockwork orange,agarwal,./data/agarwal2015_screenplays/fail/51e2fe98144cce5b901a9623_A_Clockwork_Orange.txt,
anna karenina,agarwal,./data/agarwal2015_screenplays/fail/51e301b71f7f8ee49901b09e_Anna_Karenina.txt,1781769
argo,agarwal,./data/agarwal2015_screenplays/fail/51e301b71f7f8ee49901b0a1_Argo.txt,1024648
the dark knight rises,agarwal,./data/agarwal2015_screenplays/fail/51e301b71f7f8ee49901b0c3_The_Dark_Knight_Rises.txt,1345836
flight,agarwal,./data/agarwal2015_screenplays/fail/51e301b71f7f8ee49901b0d5_Flight.txt,1907668
les mis rables,agarwal,./data/agarwal2015_screenplays/fail/51e301b71f7f8ee49901b103_Les_Mis_rables.txt,
lincoln,agarwal,./data/agarwal2015_screenplays/fail/51e301b71f7f8ee49901b105_Lincoln.txt,
looper,agarwal,./data/agarwal2015_screenplays/fail/51e301b71f7f8ee49901b106_Looper.txt,
moonrise kingdom,agarwal,./data/agarwal2015_screenplays/fail/51e301b71f7f8ee49901b113_Moonrise_Kingdom.txt,1748122
prometheus,agarwal,./data/agarwal2015_screenplays/fail/51e301b71f7f8ee49901b12b_Prometheus.txt,1446714
silver linings playbook,agarwal,./data/agarwal2015_screenplays/fail/51e301b71f7f8ee49901b143_Silver_Linings_Playbook.txt,1045658
snow white and the huntsman,agarwal,./data/agarwal2015_screenplays/fail/51e301b71f7f8ee49901b14b_Snow_White_and_the_Huntsman.txt,1735898
ted,agarwal,./data/agarwal2015_screenplays/fail/51e301b71f7f8ee49901b158_Ted.txt,1637725
the adjustment bureau,agarwal,./data/agarwal2015_screenplays/fail/51e301b81f7f8ee49901b17b_The_Adjustment_Bureau.txt,1385826
the best exotic marigold hotel,agarwal,./data/agarwal2015_screenplays/fail/51e301b81f7f8ee49901b195_The_Best_Exotic_Marigold_Hotel.txt,1412386
bridesmaids,agarwal,./data/agarwal2015_screenplays/fail/51e301b81f7f8ee49901b19b_Bridesmaids.txt,
cars 2,agarwal,./data/agarwal2015_screenplays/fail/51e301b81f7f8ee49901b1a2_Cars_2.txt,1216475
cedar rapids,agarwal,./data/agarwal2015_screenplays/fail/51e301b81f7f8ee49901b1a4_Cedar_Rapids.txt,1477837
colombiana,agarwal,./data/agarwal2015_screenplays/fail/51e301b81f7f8ee49901b1a8_Colombiana.txt,1657507
cowboys   aliens,agarwal,./data/agarwal2015_screenplays/fail/51e301b81f7f8ee49901b1ae_Cowboys___Aliens.txt,0409847
the descendants,agarwal,./data/agarwal2015_screenplays/fail/51e301b81f7f8ee49901b1b5_The_Descendants.txt,
the girl with the dragon tattoo,agarwal,./data/agarwal2015_screenplays/fail/51e301b81f7f8ee49901b1d3_The_Girl_with_the_Dragon_Tattoo.txt,
hall pass,agarwal,./data/agarwal2015_screenplays/fail/51e301b81f7f8ee49901b1d8_Hall_Pass.txt,0480687
hanna,agarwal,./data/agarwal2015_screenplays/fail/51e301b81f7f8ee49901b1da_Hanna.txt,0993842
the help,agarwal,./data/agarwal2015_screenplays/fail/51e301b81f7f8ee49901b1e1_The_Help.txt,1454029
jane eyre,agarwal,./data/agarwal2015_screenplays/fail/51e301b81f7f8ee49901b1fa_Jane_Eyre.txt,1229822
limitless,agarwal,./data/agarwal2015_screenplays/fail/51e301b81f7f8ee49901b20c_Limitless.txt,1219289
the lincoln lawyer,agarwal,./data/agarwal2015_screenplays/fail/51e301b81f7f8ee49901b20d_The_Lincoln_Lawyer.txt,1189340
margaret,agarwal,./data/agarwal2015_screenplays/fail/51e301b81f7f8ee49901b210_Margaret.txt,0466893
the mechanic,agarwal,./data/agarwal2015_screenplays/fail/51e301b81f7f8ee49901b215_The_Mechanic.txt,
moneyball,agarwal,./data/agarwal2015_screenplays/fail/51e301b81f7f8ee49901b21c_Moneyball.txt,1210166
monte carlo,agarwal,./data/agarwal2015_screenplays/fail/51e301b81f7f8ee49901b21e_Monte_Carlo.txt,0076137
my week with marilyn,agarwal,./data/agarwal2015_screenplays/fail/51e301b81f7f8ee49901b223_My_Week_with_Marilyn.txt,1655420
red riding hood,agarwal,./data/agarwal2015_screenplays/fail/51e301b81f7f8ee49901b23a_Red_Riding_Hood.txt,
super 8,agarwal,./data/agarwal2015_screenplays/fail/51e301b81f7f8ee49901b25b_Super_8.txt,1650062
the thing,agarwal,./data/agarwal2015_screenplays/fail/51e301b81f7f8ee49901b260_The_Thing.txt,0084787
thor,agarwal,./data/agarwal2015_screenplays/fail/51e301b81f7f8ee49901b263_Thor.txt,0800369
the three musketeers,agarwal,./data/agarwal2015_screenplays/fail/51e301b81f7f8ee49901b265_The_Three_Musketeers.txt,
tinker  tailor  soldier  spy,agarwal,./data/agarwal2015_screenplays/fail/51e301b81f7f8ee49901b266_Tinker__Tailor__Soldier__Spy.txt,
water for elephants,agarwal,./data/agarwal2015_screenplays/fail/51e301b81f7f8ee49901b276_Water_for_Elephants.txt,
burlesque,agarwal,./data/agarwal2015_screenplays/fail/51e301b81f7f8ee49901b2ad_Burlesque.txt,1126591
clash of the titans,agarwal,./data/agarwal2015_screenplays/fail/51e301b81f7f8ee49901b2bb_Clash_of_the_Titans.txt,0800320
the debt,agarwal,./data/agarwal2015_screenplays/fail/51e301b81f7f8ee49901b2ca_The_Debt.txt,
fair game,agarwal,./data/agarwal2015_screenplays/fail/51e301b81f7f8ee49901b2e4_Fair_Game.txt,0977855
legion,agarwal,./data/agarwal2015_screenplays/fail/51e301b81f7f8ee49901b320_Legion.txt,1038686
megamind,agarwal,./data/agarwal2015_screenplays/fail/51e301b81f7f8ee49901b32d_MegaMind.txt,
the next three days,agarwal,./data/agarwal2015_screenplays/fail/51e301b81f7f8ee49901b334_The_Next_Three_Days.txt,
the whistleblower,agarwal,./data/agarwal2015_screenplays/fail/51e301b81f7f8ee49901b394_The_Whistleblower.txt,
2012,agarwal,./data/agarwal2015_screenplays/fail/51e301b81f7f8ee49901b3a2_2012.txt,1190080
an education,agarwal,./data/agarwal2015_screenplays/fail/51e301b81f7f8ee49901b3b5_An_Education.txt,
avatar,agarwal,./data/agarwal2015_screenplays/fail/51e301b81f7f8ee49901b3bc_Avatar.txt,0499549
the blind side,agarwal,./data/agarwal2015_screenplays/fail/51e301b81f7f8ee49901b3c2_The_Blind_Side.txt,0878804
broken embraces,agarwal,./data/agarwal2015_screenplays/fail/51e301b81f7f8ee49901b3cc_Broken_Embraces.txt,
coraline,agarwal,./data/agarwal2015_screenplays/fail/51e301b81f7f8ee49901b3dc_Coraline.txt,
funny people,agarwal,./data/agarwal2015_screenplays/fail/51e301b81f7f8ee49901b3fd_Funny_People.txt,
g i  joe  the rise of cobra,agarwal,./data/agarwal2015_screenplays/fail/51e301b81f7f8ee49901b400_G_I__Joe__The_Rise_of_Cobra.txt,
gamer,agarwal,./data/agarwal2015_screenplays/fail/51e301b81f7f8ee49901b401_Gamer.txt,
the girl with the dragon tattoo,agarwal,./data/agarwal2015_screenplays/fail/51e301b81f7f8ee49901b408_The_Girl_with_the_Dragon_Tattoo.txt,
the hangover,agarwal,./data/agarwal2015_screenplays/fail/51e301b81f7f8ee49901b40e_The_Hangover.txt,1119646
he s just not that into you,agarwal,./data/agarwal2015_screenplays/fail/51e301b81f7f8ee49901b412_He_s_Just_Not_That_Into_You.txt,1001508
in the loop,agarwal,./data/agarwal2015_screenplays/fail/51e301b81f7f8ee49901b422_In_the_Loop.txt,
the invention of lying,agarwal,./data/agarwal2015_screenplays/fail/51e301b81f7f8ee49901b427_The_Invention_of_Lying.txt,1058017
it s complicated,agarwal,./data/agarwal2015_screenplays/fail/51e301b81f7f8ee49901b429_It_s_Complicated.txt,
jennifer s body,agarwal,./data/agarwal2015_screenplays/fail/51e301b81f7f8ee49901b42c_Jennifer_s_Body.txt,1131734
law abiding citizen,agarwal,./data/agarwal2015_screenplays/fail/51e301b81f7f8ee49901b432_Law_Abiding_Citizen.txt,
the men who stare at goats,agarwal,./data/agarwal2015_screenplays/fail/51e301b81f7f8ee49901b444_The_Men_Who_Stare_at_Goats.txt,
ninja assassin,agarwal,./data/agarwal2015_screenplays/fail/51e301b81f7f8ee49901b456_Ninja_Assassin.txt,
orphan,agarwal,./data/agarwal2015_screenplays/fail/51e301b81f7f8ee49901b45a_Orphan.txt,
pandorum,agarwal,./data/agarwal2015_screenplays/fail/51e301b91f7f8ee49901b45e_Pandorum.txt,
public enemies,agarwal,./data/agarwal2015_screenplays/fail/51e301b91f7f8ee49901b469_Public_Enemies.txt,
sherlock holmes,agarwal,./data/agarwal2015_screenplays/fail/51e301b91f7f8ee49901b474_Sherlock_Holmes.txt,
star trek,agarwal,./data/agarwal2015_screenplays/fail/51e301b91f7f8ee49901b47b_Star_Trek.txt,0796366
surrogates,agarwal,./data/agarwal2015_screenplays/fail/51e301b91f7f8ee49901b480_Surrogates.txt,
terminator salvation,agarwal,./data/agarwal2015_screenplays/fail/51e301b91f7f8ee49901b484_Terminator_Salvation.txt,
whiteout,agarwal,./data/agarwal2015_screenplays/fail/51e301b91f7f8ee49901b49e_Whiteout.txt,
youth in revolt,agarwal,./data/agarwal2015_screenplays/fail/51e301b91f7f8ee49901b4a5_Youth_in_Revolt.txt,0403702
the brothers bloom,agarwal,./data/agarwal2015_screenplays/fail/51e301b91f7f8ee49901b4bf_The_Brothers_Bloom.txt,
changeling,agarwal,./data/agarwal2015_screenplays/fail/51e301b91f7f8ee49901b4c1_Changeling.txt,0824747
the curious case of benjamin button,agarwal,./data/agarwal2015_screenplays/fail/51e301b91f7f8ee49901b4ca_The_Curious_Case_of_Benjamin_Button.txt,
deception,agarwal,./data/agarwal2015_screenplays/fail/51e301b91f7f8ee49901b4d0_Deception.txt,
eagle eye,agarwal,./data/agarwal2015_screenplays/fail/51e301b91f7f8ee49901b4d8_Eagle_Eye.txt,
marley   me,agarwal,./data/agarwal2015_screenplays/fail/51e301b91f7f8ee49901b517_Marley___Me.txt,0822832
max payne,agarwal,./data/agarwal2015_screenplays/fail/51e301b91f7f8ee49901b519_Max_Payne.txt,0467197
the other boleyn girl,agarwal,./data/agarwal2015_screenplays/fail/51e301b91f7f8ee49901b528_The_Other_Boleyn_Girl.txt,
pineapple express,agarwal,./data/agarwal2015_screenplays/fail/51e301b91f7f8ee49901b52d_Pineapple_Express.txt,0910936
rachel getting married,agarwal,./data/agarwal2015_screenplays/fail/51e301b91f7f8ee49901b532_Rachel_Getting_Married.txt,1084950
rocknrolla,agarwal,./data/agarwal2015_screenplays/fail/51e301b91f7f8ee49901b538_RocknRolla.txt,
sex and the city,agarwal,./data/agarwal2015_screenplays/fail/51e301b91f7f8ee49901b53f_Sex_and_the_City.txt,
speed racer,agarwal,./data/agarwal2015_screenplays/fail/51e301b91f7f8ee49901b543_Speed_Racer.txt,
sunshine cleaning,agarwal,./data/agarwal2015_screenplays/fail/51e301b91f7f8ee49901b54a_Sunshine_Cleaning.txt,
synecdoche  new york,agarwal,./data/agarwal2015_screenplays/fail/51e301b91f7f8ee49901b54c_Synecdoche__New_York.txt,
valkyrie,agarwal,./data/agarwal2015_screenplays/fail/51e301b91f7f8ee49901b557_Valkyrie.txt,
the wrestler,agarwal,./data/agarwal2015_screenplays/fail/51e301b91f7f8ee49901b566_The_Wrestler.txt,1125849
yes man,agarwal,./data/agarwal2015_screenplays/fail/51e301b91f7f8ee49901b567_Yes_Man.txt,1068680
disturbia,agarwal,./data/agarwal2015_screenplays/fail/51e301b91f7f8ee49901b597_Disturbia.txt,0486822
eastern promises,agarwal,./data/agarwal2015_screenplays/fail/51e301b91f7f8ee49901b59a_Eastern_Promises.txt,
elizabeth  the golden age,agarwal,./data/agarwal2015_screenplays/fail/51e301b91f7f8ee49901b59c_Elizabeth__The_Golden_Age.txt,
fracture,agarwal,./data/agarwal2015_screenplays/fail/51e301b91f7f8ee49901b5a3_Fracture.txt,0488120
into the wild,agarwal,./data/agarwal2015_screenplays/fail/51e301b91f7f8ee49901b5ba_Into_the_Wild.txt,
next,agarwal,./data/agarwal2015_screenplays/fail/51e301b91f7f8ee49901b5d5_Next.txt,
superbad,agarwal,./data/agarwal2015_screenplays/fail/51e301b91f7f8ee49901b5f8_Superbad.txt,
tmnt,agarwal,./data/agarwal2015_screenplays/fail/51e301b91f7f8ee49901b601_TMNT.txt,
we own the night,agarwal,./data/agarwal2015_screenplays/fail/51e301b91f7f8ee49901b60d_We_Own_the_Night.txt,
wild hogs,agarwal,./data/agarwal2015_screenplays/fail/51e301b91f7f8ee49901b610_Wild_Hogs.txt,0486946
crank,agarwal,./data/agarwal2015_screenplays/fail/51e301b91f7f8ee49901b637_Crank.txt,
the departed,agarwal,./data/agarwal2015_screenplays/fail/51e301b91f7f8ee49901b63b_The_Departed.txt,
slither,agarwal,./data/agarwal2015_screenplays/fail/51e301b91f7f8ee49901b691_Slither.txt,0439815
brick,agarwal,./data/agarwal2015_screenplays/fail/51e301ba1f7f8ee49901b6b6_Brick.txt,0393109
the hitchhiker s guide to the galaxy,agarwal,./data/agarwal2015_screenplays/fail/51e301ba1f7f8ee49901b6d8_The_Hitchhiker_s_Guide_to_the_Galaxy.txt,
the island,agarwal,./data/agarwal2015_screenplays/fail/51e301ba1f7f8ee49901b6e1_The_Island.txt,
the jacket,agarwal,./data/agarwal2015_screenplays/fail/51e301ba1f7f8ee49901b6e3_The_Jacket.txt,0366627
king kong,agarwal,./data/agarwal2015_screenplays/fail/51e301ba1f7f8ee49901b6e9_King_Kong.txt,0360717
serenity,agarwal,./data/agarwal2015_screenplays/fail/51e301ba1f7f8ee49901b70a_Serenity.txt,
v for vendetta,agarwal,./data/agarwal2015_screenplays/fail/51e301ba1f7f8ee49901b71d_V_for_Vendetta.txt,0434409
catwoman,agarwal,./data/agarwal2015_screenplays/fail/51e301ba1f7f8ee49901b73b_Catwoman.txt,0327554
cellular,agarwal,./data/agarwal2015_screenplays/fail/51e301ba1f7f8ee49901b73c_Cellular.txt,
collateral,agarwal,./data/agarwal2015_screenplays/fail/51e301ba1f7f8ee49901b73f_Collateral.txt,
harold   kumar go to white castle,agarwal,./data/agarwal2015_screenplays/fail/51e301ba1f7f8ee49901b753_Harold___Kumar_Go_to_White_Castle.txt,
ocean s twelve,agarwal,./data/agarwal2015_screenplays/fail/51e301ba1f7f8ee49901b772_Ocean_s_Twelve.txt,
spanglish,agarwal,./data/agarwal2015_screenplays/fail/51e301ba1f7f8ee49901b786_Spanglish.txt,
the last samurai,agarwal,./data/agarwal2015_screenplays/fail/51e301ba1f7f8ee49901b7c4_The_Last_Samurai.txt,
something s gotta give,agarwal,./data/agarwal2015_screenplays/fail/51e301ba1f7f8ee49901b7e3_Something_s_Gotta_Give.txt,
adaptation,agarwal,./data/agarwal2015_screenplays/fail/51e301ba1f7f8ee49901b7f9_Adaptation.txt,
catch me if you can,agarwal,./data/agarwal2015_screenplays/fail/51e301ba1f7f8ee49901b805_Catch_Me_If_You_Can.txt,0264464
death to smoochy,agarwal,./data/agarwal2015_screenplays/fail/51e301ba1f7f8ee49901b80a_Death_to_Smoochy.txt,
insomnia,agarwal,./data/agarwal2015_screenplays/fail/51e301ba1f7f8ee49901b81d_Insomnia.txt,0278504
go,agarwal,./data/agarwal2015_screenplays/fail/51e301bb1f7f8ee49901b86a_Go.txt,
ocean s eleven,agarwal,./data/agarwal2015_screenplays/fail/51e301bb1f7f8ee49901b88f_Ocean_s_Eleven.txt,
8mm,agarwal,./data/agarwal2015_screenplays/fail/51e301bb1f7f8ee49901b8fc_8mm.txt,0134273
analyze this,agarwal,./data/agarwal2015_screenplays/fail/51e301bb1f7f8ee49901b8fe_Analyze_This.txt,0122933
the green mile,agarwal,./data/agarwal2015_screenplays/fail/51e301bb1f7f8ee49901b915_The_Green_Mile.txt,
magnolia,agarwal,./data/agarwal2015_screenplays/fail/51e301bb1f7f8ee49901b91b_Magnolia.txt,0175880
wild wild west,agarwal,./data/agarwal2015_screenplays/fail/51e301bb1f7f8ee49901b938_Wild_Wild_West.txt,
dark city,agarwal,./data/agarwal2015_screenplays/fail/51e301bb1f7f8ee49901b943_Dark_City.txt,
the truman show,agarwal,./data/agarwal2015_screenplays/fail/51e301bb1f7f8ee49901b97c_The_Truman_Show.txt,0120382
boogie nights,agarwal,./data/agarwal2015_screenplays/fail/51e301bb1f7f8ee49901b98a_Boogie_Nights.txt,
gattaca,agarwal,./data/agarwal2015_screenplays/fail/51e301bb1f7f8ee49901b9a0_Gattaca.txt,
liar liar,agarwal,./data/agarwal2015_screenplays/fail/51e301bc1f7f8ee49901b9a7_Liar_Liar.txt,
the postman,agarwal,./data/agarwal2015_screenplays/fail/51e301bc1f7f8ee49901b9b0_The_Postman.txt,
jane eyre,agarwal,./data/agarwal2015_screenplays/fail/51e301bc1f7f8ee49901b9e4_Jane_Eyre.txt,1229822
heat,agarwal,./data/agarwal2015_screenplays/fail/51e301bc1f7f8ee49901ba1f_Heat.txt,0113277
strange days,agarwal,./data/agarwal2015_screenplays/fail/51e301bc1f7f8ee49901ba38_Strange_Days.txt,0114558
ed wood,agarwal,./data/agarwal2015_screenplays/fail/51e301bc1f7f8ee49901ba4f_Ed_Wood.txt,0109707
newsies,agarwal,./data/agarwal2015_screenplays/fail/51e301bc1f7f8ee49901bac3_Newsies.txt,
sister act,agarwal,./data/agarwal2015_screenplays/fail/51e301bc1f7f8ee49901bacb_Sister_Act.txt,0105417
the last boy scout,agarwal,./data/agarwal2015_screenplays/fail/51e301bc1f7f8ee49901bae4_The_Last_Boy_Scout.txt,0102266
robin hood  prince of thieves,agarwal,./data/agarwal2015_screenplays/fail/51e301bc1f7f8ee49901baed_Robin_Hood__Prince_of_Thieves.txt,0102798
darkman,agarwal,./data/agarwal2015_screenplays/fail/51e301bd1f7f8ee49901baff_Darkman.txt,0099365
die hard 2,agarwal,./data/agarwal2015_screenplays/fail/51e301bd1f7f8ee49901bb00_Die_Hard_2.txt,0099423
die hard,agarwal,./data/agarwal2015_screenplays/fail/51e301bd1f7f8ee49901bb4b_Die_Hard.txt,0095016
heathers,agarwal,./data/agarwal2015_screenplays/fail/51e301bd1f7f8ee49901bb4f_Heathers.txt,0097493
twins,agarwal,./data/agarwal2015_screenplays/fail/51e301bd1f7f8ee49901bb60_Twins.txt,
purple rain,agarwal,./data/agarwal2015_screenplays/fail/51e301bd1f7f8ee49901bbe9_Purple_Rain.txt,0087957
body heat,agarwal,./data/agarwal2015_screenplays/fail/51e301bd1f7f8ee49901bc1f_Body_Heat.txt,
clash of the titans,agarwal,./data/agarwal2015_screenplays/fail/51e301bd1f7f8ee49901bc21_Clash_of_the_Titans.txt,0800320
the italian job,agarwal,./data/agarwal2015_screenplays/fail/51e301be1f7f8ee49901bd07_The_Italian_Job.txt,0317740
bonnie and clyde,agarwal,./data/agarwal2015_screenplays/fail/51e301be1f7f8ee49901bd2b_Bonnie_and_Clyde.txt,
the manchurian candidate,agarwal,./data/agarwal2015_screenplays/fail/51e301bf1f7f8ee49901bd94_The_Manchurian_Candidate.txt,
from here to eternity,agarwal,./data/agarwal2015_screenplays/fail/51e301bf1f7f8ee49901be28_From_Here_to_Eternity.txt,0045793
strangers on a train,agarwal,./data/agarwal2015_screenplays/fail/51e301bf1f7f8ee49901be46_Strangers_on_a_Train.txt,0044079
anna karenina,agarwal,./data/agarwal2015_screenplays/fail/51e301bf1f7f8ee49901be5d_Anna_Karenina.txt,1781769
deception,agarwal,./data/agarwal2015_screenplays/fail/51e301c01f7f8ee49901be78_Deception.txt,
anna karenina,agarwal,./data/agarwal2015_screenplays/fail/51e301c01f7f8ee49901bf12_Anna_Karenina.txt,1781769
king kong,agarwal,./data/agarwal2015_screenplays/fail/51e301c01f7f8ee49901bf24_King_Kong.txt,0360717
all the president s men,agarwal,./data/agarwal2015_screenplays/fail_wo_tags/51e2fe98144cce5b901a94d6_All_the_President_s_Men.txt,
american graffiti,agarwal,./data/agarwal2015_screenplays/fail_wo_tags/51e2fe98144cce5b901a94d9_American_Graffiti.txt,
badlands,agarwal,./data/agarwal2015_screenplays/fail_wo_tags/51e2fe98144cce5b901a94eb_Badlands.txt,
barton fink,agarwal,./data/agarwal2015_screenplays/fail_wo_tags/51e2fe98144cce5b901a94ec_Barton_Fink.txt,
the big lebowski,agarwal,./data/agarwal2015_screenplays/fail_wo_tags/51e2fe98144cce5b901a94f4_The_Big_Lebowski.txt,
clerks ,agarwal,./data/agarwal2015_screenplays/fail_wo_tags/51e2fe98144cce5b901a950e_Clerks_.txt,
dark star,agarwal,./data/agarwal2015_screenplays/fail_wo_tags/51e2fe98144cce5b901a9517_Dark_Star.txt,
the elephant man,agarwal,./data/agarwal2015_screenplays/fail_wo_tags/51e2fe98144cce5b901a9527_The_Elephant_Man.txt,
erik the viking,agarwal,./data/agarwal2015_screenplays/fail_wo_tags/51e2fe98144cce5b901a9528_Erik_the_Viking.txt,
frankenstein,agarwal,./data/agarwal2015_screenplays/fail_wo_tags/51e2fe98144cce5b901a953b_Frankenstein.txt,
gandhi,agarwal,./data/agarwal2015_screenplays/fail_wo_tags/51e2fe98144cce5b901a953e_Gandhi.txt,
the ghost and the darkness,agarwal,./data/agarwal2015_screenplays/fail_wo_tags/51e2fe98144cce5b901a9542_The_Ghost_and_the_Darkness.txt,
grand hotel,agarwal,./data/agarwal2015_screenplays/fail_wo_tags/51e2fe98144cce5b901a9549_Grand_Hotel.txt,
the grapes of wrath,agarwal,./data/agarwal2015_screenplays/fail_wo_tags/51e2fe98144cce5b901a954a_The_Grapes_of_Wrath.txt,
a hard day s night,agarwal,./data/agarwal2015_screenplays/fail_wo_tags/51e2fe98144cce5b901a9552_A_Hard_Day_s_Night.txt,
the hospital,agarwal,./data/agarwal2015_screenplays/fail_wo_tags/51e2fe98144cce5b901a955b_The_Hospital.txt,
the hudsucker proxy,agarwal,./data/agarwal2015_screenplays/fail_wo_tags/51e2fe98144cce5b901a955d_The_Hudsucker_Proxy.txt,
it happened one night,agarwal,./data/agarwal2015_screenplays/fail_wo_tags/51e2fe98144cce5b901a9567_It_Happened_One_Night.txt,
jfk,agarwal,./data/agarwal2015_screenplays/fail_wo_tags/51e2fe98144cce5b901a9570_JFK.txt,
the man who wasn t there,agarwal,./data/agarwal2015_screenplays/fail_wo_tags/51e2fe98144cce5b901a9590_The_Man_Who_Wasn_t_There.txt,
miller s crossing,agarwal,./data/agarwal2015_screenplays/fail_wo_tags/51e2fe98144cce5b901a9599_Miller_s_Crossing.txt,
misery,agarwal,./data/agarwal2015_screenplays/fail_wo_tags/51e2fe98144cce5b901a959b_Misery.txt,
mr  smith goes to washington,agarwal,./data/agarwal2015_screenplays/fail_wo_tags/51e2fe98144cce5b901a959e_Mr__Smith_Goes_to_Washington.txt,
mobsters,agarwal,./data/agarwal2015_screenplays/fail_wo_tags/51e2fe98144cce5b901a959f_Mobsters.txt,
ninotchka,agarwal,./data/agarwal2015_screenplays/fail_wo_tags/51e2fe98144cce5b901a95a8_Ninotchka.txt,
portrait of jennie,agarwal,./data/agarwal2015_screenplays/fail_wo_tags/51e2fe98144cce5b901a95b5_Portrait_of_Jennie.txt,
the princess bride,agarwal,./data/agarwal2015_screenplays/fail_wo_tags/51e2fe98144cce5b901a95b6_The_Princess_Bride.txt,
serial mom,agarwal,./data/agarwal2015_screenplays/fail_wo_tags/51e2fe98144cce5b901a95ce_Serial_Mom.txt,
smokey and the bandit,agarwal,./data/agarwal2015_screenplays/fail_wo_tags/51e2fe98144cce5b901a95dd_Smokey_and_the_Bandit.txt,
stagecoach,agarwal,./data/agarwal2015_screenplays/fail_wo_tags/51e2fe98144cce5b901a95e2_Stagecoach.txt,
star wars episode vi  return of the jedi,agarwal,./data/agarwal2015_screenplays/fail_wo_tags/51e2fe98144cce5b901a95e9_Star_Wars_Episode_VI__Return_of_the_Jedi.txt,
the 40 year old virgin,agarwal,./data/agarwal2015_screenplays/fail_wo_tags/51e2fe98144cce5b901a961a_The_40_Year_Old_Virgin.txt,
evil dead,agarwal,./data/agarwal2015_screenplays/fail_wo_tags/51e301b71f7f8ee49901b05c_Evil_Dead.txt,
django unchained,agarwal,./data/agarwal2015_screenplays/fail_wo_tags/51e301b71f7f8ee49901b0ca_Django_Unchained.txt,
hannibal,agarwal,./data/agarwal2015_screenplays/fail_wo_tags/51e301b71f7f8ee49901b0e6_Hannibal.txt,
the fighter,agarwal,./data/agarwal2015_screenplays/fail_wo_tags/51e301b81f7f8ee49901b2e7_The_Fighter.txt,
true grit,agarwal,./data/agarwal2015_screenplays/fail_wo_tags/51e301b81f7f8ee49901b384_True_Grit.txt,
44 inch chest,agarwal,./data/agarwal2015_screenplays/fail_wo_tags/51e301b81f7f8ee49901b3a4_44_Inch_Chest.txt,
a serious man,agarwal,./data/agarwal2015_screenplays/fail_wo_tags/51e301b81f7f8ee49901b3a8_A_Serious_Man.txt,
angels and demons,agarwal,./data/agarwal2015_screenplays/fail_wo_tags/51e301b81f7f8ee49901b3b6_Angels_and_Demons.txt,
the imaginarium of dr  parnassus,agarwal,./data/agarwal2015_screenplays/fail_wo_tags/51e301b81f7f8ee49901b420_The_Imaginarium_of_Dr__Parnassus.txt,
inglourious basterds,agarwal,./data/agarwal2015_screenplays/fail_wo_tags/51e301b81f7f8ee49901b425_Inglourious_Basterds.txt,
dawn of the dead,agarwal,./data/agarwal2015_screenplays/fail_wo_tags/51e301ba1f7f8ee49901b744_Dawn_of_the_Dead.txt,
saw,agarwal,./data/agarwal2015_screenplays/fail_wo_tags/51e301ba1f7f8ee49901b77f_Saw.txt,
finding nemo,agarwal,./data/agarwal2015_screenplays/fail_wo_tags/51e301ba1f7f8ee49901b7b0_Finding_Nemo.txt,
gangs of new york,agarwal,./data/agarwal2015_screenplays/fail_wo_tags/51e301ba1f7f8ee49901b813_Gangs_of_New_York.txt,
the good girl,agarwal,./data/agarwal2015_screenplays/fail_wo_tags/51e301ba1f7f8ee49901b814_The_Good_Girl.txt,
resident evil,agarwal,./data/agarwal2015_screenplays/fail_wo_tags/51e301bb1f7f8ee49901b833_Resident_Evil.txt,
american outlaws,agarwal,./data/agarwal2015_screenplays/fail_wo_tags/51e301bb1f7f8ee49901b85b_American_Outlaws.txt,
american psycho,agarwal,./data/agarwal2015_screenplays/fail_wo_tags/51e301bb1f7f8ee49901b8ad_American_Psycho.txt,
dogma,agarwal,./data/agarwal2015_screenplays/fail_wo_tags/51e301bb1f7f8ee49901b90a_Dogma.txt,
never been kissed,agarwal,./data/agarwal2015_screenplays/fail_wo_tags/51e301bb1f7f8ee49901b91f_Never_Been_Kissed.txt,
lock  stock and two smoking barrels,agarwal,./data/agarwal2015_screenplays/fail_wo_tags/51e301bb1f7f8ee49901b956_Lock__Stock_and_Two_Smoking_Barrels.txt,
mulan,agarwal,./data/agarwal2015_screenplays/fail_wo_tags/51e301bb1f7f8ee49901b95b_Mulan.txt,
rushmore,agarwal,./data/agarwal2015_screenplays/fail_wo_tags/51e301bb1f7f8ee49901b96b_Rushmore.txt,
cube,agarwal,./data/agarwal2015_screenplays/fail_wo_tags/51e301bb1f7f8ee49901b994_Cube.txt,
the game,agarwal,./data/agarwal2015_screenplays/fail_wo_tags/51e301bb1f7f8ee49901b99f_The_Game.txt,
starship troopers,agarwal,./data/agarwal2015_screenplays/fail_wo_tags/51e301bc1f7f8ee49901b9b7_Starship_Troopers.txt,
clueless,agarwal,./data/agarwal2015_screenplays/fail_wo_tags/51e301bc1f7f8ee49901ba14_Clueless.txt,
heavenly creatures,agarwal,./data/agarwal2015_screenplays/fail_wo_tags/51e301bc1f7f8ee49901ba56_Heavenly_Creatures.txt,
aladdin,agarwal,./data/agarwal2015_screenplays/fail_wo_tags/51e301bc1f7f8ee49901baae_Aladdin.txt,
labyrinth,agarwal,./data/agarwal2015_screenplays/fail_wo_tags/51e301bd1f7f8ee49901bb9c_Labyrinth.txt,
agnes of god,agarwal,./data/agarwal2015_screenplays/fail_wo_tags/51e301bd1f7f8ee49901bbae_Agnes_of_God.txt,
the king of comedy,agarwal,./data/agarwal2015_screenplays/fail_wo_tags/51e301bd1f7f8ee49901bc11_The_King_of_Comedy.txt,
dawn of the dead,agarwal,./data/agarwal2015_screenplays/fail_wo_tags/51e301be1f7f8ee49901bc64_Dawn_of_the_Dead.txt,
days of heaven,agarwal,./data/agarwal2015_screenplays/fail_wo_tags/51e301be1f7f8ee49901bc65_Days_of_Heaven.txt,
midnight express,agarwal,./data/agarwal2015_screenplays/fail_wo_tags/51e301be1f7f8ee49901bc6e_Midnight_Express.txt,
true grit,agarwal,./data/agarwal2015_screenplays/fail_wo_tags/51e301be1f7f8ee49901bd0e_True_Grit.txt,
2001  a space odyssey,agarwal,./data/agarwal2015_screenplays/fail_wo_tags/51e301be1f7f8ee49901bd10_2001__A_Space_Odyssey.txt,
mary poppins,agarwal,./data/agarwal2015_screenplays/fail_wo_tags/51e301bf1f7f8ee49901bd72_Mary_Poppins.txt,
meet john doe,agarwal,./data/agarwal2015_screenplays/fail_wo_tags/51e301c01f7f8ee49901beba_Meet_John_Doe.txt,
the wizard of oz,agarwal,./data/agarwal2015_screenplays/fail_wo_tags/51e301c01f7f8ee49901bee1_The_Wizard_of_Oz.txt,
frankenstein,agarwal,./data/agarwal2015_screenplays/fail_wo_tags/51e301c01f7f8ee49901bf35_Frankenstein.txt,
the passion of joan of arc,agarwal,./data/agarwal2015_screenplays/fail_wo_tags/51e301c11f7f8ee49901bf52_The_Passion_of_Joan_of_Arc.txt,
,agarwal,./data/agarwal2015_screenplays/fail_wo_tags/findMoviesWithoutIntExt.pl,
,agarwal,./data/agarwal2015_screenplays/fail_wo_tags/listMovies.txt,
all about eve,agarwal,./data/agarwal2015_screenplays/pass/51e2fe98144cce5b901a94d4_All_About_Eve.txt,0042192
american pie,agarwal,./data/agarwal2015_screenplays/pass/51e2fe98144cce5b901a94da_American_Pie.txt,1605630
an american werewolf in paris,agarwal,./data/agarwal2015_screenplays/pass/51e2fe98144cce5b901a94dd_An_American_Werewolf_in_Paris.txt,
annie hall,agarwal,./data/agarwal2015_screenplays/pass/51e2fe98144cce5b901a94de_Annie_Hall.txt,0075686
as good as it gets,agarwal,./data/agarwal2015_screenplays/pass/51e2fe98144cce5b901a94e1_As_Good_as_It_Gets.txt,0119822
the assignment,agarwal,./data/agarwal2015_screenplays/pass/51e2fe98144cce5b901a94e2_The_Assignment.txt,0118647
bachelor party,agarwal,./data/agarwal2015_screenplays/pass/51e2fe98144cce5b901a94e6_Bachelor_Party.txt,0086927
backdraft,agarwal,./data/agarwal2015_screenplays/pass/51e2fe98144cce5b901a94e7_Backdraft.txt,0101393
bad day at black rock,agarwal,./data/agarwal2015_screenplays/pass/51e2fe98144cce5b901a94e8_Bad_Day_at_Black_Rock.txt,
basic,agarwal,./data/agarwal2015_screenplays/pass/51e2fe98144cce5b901a94ed_Basic.txt,0264395
the battle of shaker heights,agarwal,./data/agarwal2015_screenplays/pass/51e2fe98144cce5b901a94f0_The_Battle_of_Shaker_Heights.txt,0357470
being there,agarwal,./data/agarwal2015_screenplays/pass/51e2fe98144cce5b901a94f2_Being_There.txt,0078841
black snake moan,agarwal,./data/agarwal2015_screenplays/pass/51e2fe98144cce5b901a94f7_Black_Snake_Moan.txt,0462200
blue velvet,agarwal,./data/agarwal2015_screenplays/pass/51e2fe98144cce5b901a94f9_Blue_Velvet.txt,0090756
the boondock saints,agarwal,./data/agarwal2015_screenplays/pass/51e2fe98144cce5b901a94fb_The_Boondock_Saints.txt,0144117
bottle rocket,agarwal,./data/agarwal2015_screenplays/pass/51e2fe98144cce5b901a94fc_Bottle_Rocket.txt,0115734
braveheart,agarwal,./data/agarwal2015_screenplays/pass/51e2fe98144cce5b901a9500_Braveheart.txt,0112573
bringing out the dead,agarwal,./data/agarwal2015_screenplays/pass/51e2fe98144cce5b901a9501_Bringing_Out_the_Dead.txt,0163988
bruce almighty,agarwal,./data/agarwal2015_screenplays/pass/51e2fe98144cce5b901a9502_Bruce_Almighty.txt,0315327
bull durham,agarwal,./data/agarwal2015_screenplays/pass/51e2fe98144cce5b901a9503_Bull_Durham.txt,0094812
the butterfly effect,agarwal,./data/agarwal2015_screenplays/pass/51e2fe98144cce5b901a9504_The_Butterfly_Effect.txt,0289879
casablanca,agarwal,./data/agarwal2015_screenplays/pass/51e2fe98144cce5b901a9506_Casablanca.txt,0034583
chasing amy,agarwal,./data/agarwal2015_screenplays/pass/51e2fe98144cce5b901a9509_Chasing_Amy.txt,0118842
chinatown,agarwal,./data/agarwal2015_screenplays/pass/51e2fe98144cce5b901a950a_Chinatown.txt,0071315
the cider house rules,agarwal,./data/agarwal2015_screenplays/pass/51e2fe98144cce5b901a950b_The_Cider_House_Rules.txt,0124315
the cincinnati kid,agarwal,./data/agarwal2015_screenplays/pass/51e2fe98144cce5b901a950c_The_Cincinnati_Kid.txt,0059037
cold mountain,agarwal,./data/agarwal2015_screenplays/pass/51e2fe98144cce5b901a9510_Cold_Mountain.txt,0159365
the cooler,agarwal,./data/agarwal2015_screenplays/pass/51e2fe98144cce5b901a9512_The_Cooler.txt,0318374
dances with wolves,agarwal,./data/agarwal2015_screenplays/pass/51e2fe98144cce5b901a9516_Dances_with_Wolves.txt,0099348
the day the clown cried,agarwal,./data/agarwal2015_screenplays/pass/51e2fe98144cce5b901a9518_The_Day_the_Clown_Cried.txt,0068451
the day the earth stood still,agarwal,./data/agarwal2015_screenplays/pass/51e2fe98144cce5b901a9519_The_Day_the_Earth_Stood_Still.txt,0970416
dead poets society,agarwal,./data/agarwal2015_screenplays/pass/51e2fe98144cce5b901a951a_Dead_Poets_Society.txt,0097165
deep cover,agarwal,./data/agarwal2015_screenplays/pass/51e2fe98144cce5b901a951b_Deep_Cover.txt,0104073
the doors,agarwal,./data/agarwal2015_screenplays/pass/51e2fe98144cce5b901a9520_The_Doors.txt,0101761
dumb   dumber,agarwal,./data/agarwal2015_screenplays/pass/51e2fe98144cce5b901a9525_Dumb___Dumber.txt,0109686
erin brockovich,agarwal,./data/agarwal2015_screenplays/pass/51e2fe98144cce5b901a9529_Erin_Brockovich.txt,0195685
eternal sunshine of the spotless mind,agarwal,./data/agarwal2015_screenplays/pass/51e2fe98144cce5b901a952a_Eternal_Sunshine_of_the_Spotless_Mind.txt,0338013
fantastic four,agarwal,./data/agarwal2015_screenplays/pass/51e2fe98144cce5b901a952e_Fantastic_Four.txt,
fast times at ridgemont high,agarwal,./data/agarwal2015_screenplays/pass/51e2fe98144cce5b901a9530_Fast_Times_at_Ridgemont_High.txt,0083929
fatal instinct,agarwal,./data/agarwal2015_screenplays/pass/51e2fe98144cce5b901a9531_Fatal_Instinct.txt,0106873
fear and loathing in las vegas,agarwal,./data/agarwal2015_screenplays/pass/51e2fe98144cce5b901a9532_Fear_and_Loathing_in_Las_Vegas.txt,0120669
a few good men,agarwal,./data/agarwal2015_screenplays/pass/51e2fe98144cce5b901a9535_A_Few_Good_Men.txt,
from dusk till dawn,agarwal,./data/agarwal2015_screenplays/pass/51e2fe98144cce5b901a953d_From_Dusk_till_Dawn.txt,
gang related,agarwal,./data/agarwal2015_screenplays/pass/51e2fe98144cce5b901a953f_Gang_Related.txt,0118900
get shorty,agarwal,./data/agarwal2015_screenplays/pass/51e2fe98144cce5b901a9540_Get_Shorty.txt,
ghost ship,agarwal,./data/agarwal2015_screenplays/pass/51e2fe98144cce5b901a9543_Ghost_Ship.txt,
ghost world,agarwal,./data/agarwal2015_screenplays/pass/51e2fe98144cce5b901a9544_Ghost_World.txt,0162346
the godfather,agarwal,./data/agarwal2015_screenplays/pass/51e2fe98144cce5b901a9545_The_Godfather.txt,0068646
gods and monsters,agarwal,./data/agarwal2015_screenplays/pass/51e2fe98144cce5b901a9546_Gods_and_Monsters.txt,0120684
good will hunting,agarwal,./data/agarwal2015_screenplays/pass/51e2fe98144cce5b901a9547_Good_Will_Hunting.txt,0119217
hannibal,agarwal,./data/agarwal2015_screenplays/pass/51e2fe98144cce5b901a954f_Hannibal.txt,
hannibal,agarwal,./data/agarwal2015_screenplays/pass/51e2fe98144cce5b901a9550_Hannibal.txt,0212985
hardcore,agarwal,./data/agarwal2015_screenplays/pass/51e2fe98144cce5b901a9551_Hardcore.txt,0079271
hard rain,agarwal,./data/agarwal2015_screenplays/pass/51e2fe98144cce5b901a9553_Hard_Rain.txt,0120696
hellboy,agarwal,./data/agarwal2015_screenplays/pass/51e2fe98144cce5b901a9554_Hellboy.txt,0167190
hellraiser,agarwal,./data/agarwal2015_screenplays/pass/51e2fe98144cce5b901a9555_Hellraiser.txt,0093177
hellbound  hellraiser ii,agarwal,./data/agarwal2015_screenplays/pass/51e2fe98144cce5b901a9556_Hellbound__Hellraiser_II.txt,
high fidelity,agarwal,./data/agarwal2015_screenplays/pass/51e2fe98144cce5b901a9557_High_Fidelity.txt,0146882
hope and glory,agarwal,./data/agarwal2015_screenplays/pass/51e2fe98144cce5b901a9559_Hope_and_Glory.txt,0093209
the horse whisperer,agarwal,./data/agarwal2015_screenplays/pass/51e2fe98144cce5b901a955a_The_Horse_Whisperer.txt,
house of 1000 corpses,agarwal,./data/agarwal2015_screenplays/pass/51e2fe98144cce5b901a955c_House_of_1000_Corpses.txt,
human nature,agarwal,./data/agarwal2015_screenplays/pass/51e2fe98144cce5b901a955e_Human_Nature.txt,0219822
the hustler,agarwal,./data/agarwal2015_screenplays/pass/51e2fe98144cce5b901a955f_The_Hustler.txt,0054997
i am sam,agarwal,./data/agarwal2015_screenplays/pass/51e2fe98144cce5b901a9560_I_Am_Sam.txt,0277027
i ll do anything,agarwal,./data/agarwal2015_screenplays/pass/51e2fe98144cce5b901a9561_I_ll_Do_Anything.txt,0110097
independence day,agarwal,./data/agarwal2015_screenplays/pass/51e2fe98144cce5b901a9562_Independence_Day.txt,0116629
the insider,agarwal,./data/agarwal2015_screenplays/pass/51e2fe98144cce5b901a9565_The_Insider.txt,0420415
intolerable cruelty,agarwal,./data/agarwal2015_screenplays/pass/51e2fe98144cce5b901a9566_Intolerable_Cruelty.txt,0138524
it s a wonderful life,agarwal,./data/agarwal2015_screenplays/pass/51e2fe98144cce5b901a9569_It_s_a_Wonderful_Life.txt,0038650
jacob s ladder,agarwal,./data/agarwal2015_screenplays/pass/51e2fe98144cce5b901a956c_Jacob_s_Ladder.txt,0099871
kalifornia,agarwal,./data/agarwal2015_screenplays/pass/51e2fe98144cce5b901a9572_Kalifornia.txt,0107302
kate   leopold,agarwal,./data/agarwal2015_screenplays/pass/51e2fe98144cce5b901a9573_Kate___Leopold.txt,
kramer vs  kramer,agarwal,./data/agarwal2015_screenplays/pass/51e2fe98144cce5b901a9575_Kramer_vs__Kramer.txt,0079417
kundun,agarwal,./data/agarwal2015_screenplays/pass/51e2fe98144cce5b901a9576_Kundun.txt,0119485
l a  confidential,agarwal,./data/agarwal2015_screenplays/pass/51e2fe98144cce5b901a9577_L_A__Confidential.txt,0119488
the ladykillers,agarwal,./data/agarwal2015_screenplays/pass/51e2fe98144cce5b901a9578_The_Ladykillers.txt,
the last temptation of christ,agarwal,./data/agarwal2015_screenplays/pass/51e2fe98144cce5b901a9579_The_Last_Temptation_of_Christ.txt,0095497
legally blonde,agarwal,./data/agarwal2015_screenplays/pass/51e2fe98144cce5b901a957b_Legally_Blonde.txt,0250494
the life of david gale,agarwal,./data/agarwal2015_screenplays/pass/51e2fe98144cce5b901a957d_The_Life_of_David_Gale.txt,0289992
little miss sunshine,agarwal,./data/agarwal2015_screenplays/pass/51e2fe98144cce5b901a957f_Little_Miss_Sunshine.txt,
logan s run,agarwal,./data/agarwal2015_screenplays/pass/51e2fe98144cce5b901a9582_Logan_s_Run.txt,0074812
lone star,agarwal,./data/agarwal2015_screenplays/pass/51e2fe98144cce5b901a9583_Lone_Star.txt,0116905
the long kiss goodnight,agarwal,./data/agarwal2015_screenplays/pass/51e2fe98144cce5b901a9584_The_Long_Kiss_Goodnight.txt,0116908
the lord of the rings  the return of the king,agarwal,./data/agarwal2015_screenplays/pass/51e2fe98144cce5b901a9585_The_Lord_of_the_Rings__The_Return_of_the_King.txt,0167260
lost highway,agarwal,./data/agarwal2015_screenplays/pass/51e2fe98144cce5b901a9586_Lost_Highway.txt,0116922
major league,agarwal,./data/agarwal2015_screenplays/pass/51e2fe98144cce5b901a958c_Major_League.txt,0097815
malcolm x,agarwal,./data/agarwal2015_screenplays/pass/51e2fe98144cce5b901a958d_Malcolm_X.txt,0104797
manhunter,agarwal,./data/agarwal2015_screenplays/pass/51e2fe98144cce5b901a958e_Manhunter.txt,0091474
men in black,agarwal,./data/agarwal2015_screenplays/pass/51e2fe98144cce5b901a9594_Men_in_Black.txt,0119654
midnight cowboy,agarwal,./data/agarwal2015_screenplays/pass/51e2fe98144cce5b901a9597_Midnight_Cowboy.txt,
mission to mars,agarwal,./data/agarwal2015_screenplays/pass/51e2fe98144cce5b901a959c_Mission_to_Mars.txt,
moonstruck,agarwal,./data/agarwal2015_screenplays/pass/51e2fe98144cce5b901a95a0_Moonstruck.txt,0093565
music of the heart,agarwal,./data/agarwal2015_screenplays/pass/51e2fe98144cce5b901a95a3_Music_of_the_Heart.txt,0166943
mystery men,agarwal,./data/agarwal2015_screenplays/pass/51e2fe98144cce5b901a95a4_Mystery_Men.txt,0132347
the night of the hunter,agarwal,./data/agarwal2015_screenplays/pass/51e2fe98144cce5b901a95a6_The_Night_of_the_Hunter.txt,0048424
a nightmare on elm street,agarwal,./data/agarwal2015_screenplays/pass/51e2fe98144cce5b901a95a7_A_Nightmare_on_Elm_Street.txt,
nurse betty,agarwal,./data/agarwal2015_screenplays/pass/51e2fe98144cce5b901a95ab_Nurse_Betty.txt,0171580
an officer and a gentleman,agarwal,./data/agarwal2015_screenplays/pass/51e2fe98144cce5b901a95ac_An_Officer_and_a_Gentleman.txt,0084434
one flew over the cuckoo s nest,agarwal,./data/agarwal2015_screenplays/pass/51e2fe98144cce5b901a95ad_One_Flew_Over_the_Cuckoo_s_Nest.txt,0073486
out of sight,agarwal,./data/agarwal2015_screenplays/pass/51e2fe98144cce5b901a95ae_Out_of_Sight.txt,0120780
panther,agarwal,./data/agarwal2015_screenplays/pass/51e2fe98144cce5b901a95af_Panther.txt,0114084
peeping tom,agarwal,./data/agarwal2015_screenplays/pass/51e2fe98144cce5b901a95b0_Peeping_Tom.txt,
pirates of the caribbean  the curse of the black pearl,agarwal,./data/agarwal2015_screenplays/pass/51e2fe98144cce5b901a95b3_Pirates_of_the_Caribbean__The_Curse_of_the_Black_Pearl.txt,0325980
platoon,agarwal,./data/agarwal2015_screenplays/pass/51e2fe98144cce5b901a95b4_Platoon.txt,0091763
the program,agarwal,./data/agarwal2015_screenplays/pass/51e2fe98144cce5b901a95b8_The_Program.txt,0107889
the prophecy,agarwal,./data/agarwal2015_screenplays/pass/51e2fe98144cce5b901a95b9_The_Prophecy.txt,0114194
psycho,agarwal,./data/agarwal2015_screenplays/pass/51e2fe98144cce5b901a95ba_Psycho.txt,
the public eye,agarwal,./data/agarwal2015_screenplays/pass/51e2fe98144cce5b901a95bb_The_Public_Eye.txt,
quills,agarwal,./data/agarwal2015_screenplays/pass/51e2fe98144cce5b901a95bd_Quills.txt,0180073
raging bull,agarwal,./data/agarwal2015_screenplays/pass/51e2fe98144cce5b901a95bf_Raging_Bull.txt,0081398
raising arizona,agarwal,./data/agarwal2015_screenplays/pass/51e2fe98144cce5b901a95c1_Raising_Arizona.txt,0093822
rear window,agarwal,./data/agarwal2015_screenplays/pass/51e2fe98144cce5b901a95c2_Rear_Window.txt,0047396
ride the high country,agarwal,./data/agarwal2015_screenplays/pass/51e2fe98144cce5b901a95c5_Ride_the_High_Country.txt,0056412
rocky,agarwal,./data/agarwal2015_screenplays/pass/51e2fe98144cce5b901a95c6_Rocky.txt,0075148
schindler s list,agarwal,./data/agarwal2015_screenplays/pass/51e2fe98144cce5b901a95ca_Schindler_s_List.txt,0108052
the searchers,agarwal,./data/agarwal2015_screenplays/pass/51e2fe98144cce5b901a95cc_The_Searchers.txt,
sense and sensibility,agarwal,./data/agarwal2015_screenplays/pass/51e2fe98144cce5b901a95cd_Sense_and_Sensibility.txt,
the siege,agarwal,./data/agarwal2015_screenplays/pass/51e2fe98144cce5b901a95d5_The_Siege.txt,0133952
the silence of the lambs,agarwal,./data/agarwal2015_screenplays/pass/51e2fe98144cce5b901a95d7_The_Silence_of_the_Lambs.txt,0102926
the sixth sense,agarwal,./data/agarwal2015_screenplays/pass/51e2fe98144cce5b901a95d9_The_Sixth_Sense.txt,0167404
slash,agarwal,./data/agarwal2015_screenplays/pass/51e2fe98144cce5b901a95da_Slash.txt,0301848
sling blade,agarwal,./data/agarwal2015_screenplays/pass/51e2fe98144cce5b901a95db_Sling_Blade.txt,0117666
smokin  aces,agarwal,./data/agarwal2015_screenplays/pass/51e2fe98144cce5b901a95de_Smokin__Aces.txt,
some like it hot,agarwal,./data/agarwal2015_screenplays/pass/51e2fe98144cce5b901a95e1_Some_Like_It_Hot.txt,0053291
stalag 17,agarwal,./data/agarwal2015_screenplays/pass/51e2fe98144cce5b901a95e3_Stalag_17.txt,
the sting,agarwal,./data/agarwal2015_screenplays/pass/51e2fe98144cce5b901a95ed_The_Sting.txt,0070735
stolen summer,agarwal,./data/agarwal2015_screenplays/pass/51e2fe98144cce5b901a95ee_Stolen_Summer.txt,
swingers,agarwal,./data/agarwal2015_screenplays/pass/51e2fe98144cce5b901a95ef_Swingers.txt,0117802
the talented mr  ripley,agarwal,./data/agarwal2015_screenplays/pass/51e2fe98144cce5b901a95f0_The_Talented_Mr__Ripley.txt,0134119
tall in the saddle,agarwal,./data/agarwal2015_screenplays/pass/51e2fe98144cce5b901a95f1_Tall_in_the_Saddle.txt,
the terminator,agarwal,./data/agarwal2015_screenplays/pass/51e2fe98144cce5b901a95f3_The_Terminator.txt,0088247
thelma louise,agarwal,./data/agarwal2015_screenplays/pass/51e2fe98144cce5b901a95f5_Thelma_Louise.txt,0103074
there s something about mary,agarwal,./data/agarwal2015_screenplays/pass/51e2fe98144cce5b901a95f6_There_s_Something_About_Mary.txt,0129387
thirteen days,agarwal,./data/agarwal2015_screenplays/pass/51e2fe98144cce5b901a95f9_Thirteen_Days.txt,
thunderheart,agarwal,./data/agarwal2015_screenplays/pass/51e2fe98144cce5b901a95fa_Thunderheart.txt,
twin peaks  fire walk with me,agarwal,./data/agarwal2015_screenplays/pass/51e2fe98144cce5b901a95fe_Twin_Peaks__Fire_Walk_With_Me.txt,0105665
unbreakable,agarwal,./data/agarwal2015_screenplays/pass/51e2fe98144cce5b901a95ff_Unbreakable.txt,0217869
under fire,agarwal,./data/agarwal2015_screenplays/pass/51e2fe98144cce5b901a9600_Under_Fire.txt,0086510
the usual suspects,agarwal,./data/agarwal2015_screenplays/pass/51e2fe98144cce5b901a9602_The_Usual_Suspects.txt,0114814
the verdict,agarwal,./data/agarwal2015_screenplays/pass/51e2fe98144cce5b901a9603_The_Verdict.txt,0084855
what about bob ,agarwal,./data/agarwal2015_screenplays/pass/51e2fe98144cce5b901a9608_What_About_Bob_.txt,
what lies beneath,agarwal,./data/agarwal2015_screenplays/pass/51e2fe98144cce5b901a9609_What_Lies_Beneath.txt,
wild at heart,agarwal,./data/agarwal2015_screenplays/pass/51e2fe98144cce5b901a960c_Wild_at_Heart.txt,0100935
the wild one,agarwal,./data/agarwal2015_screenplays/pass/51e2fe98144cce5b901a960d_The_Wild_One.txt,0047677
wild things,agarwal,./data/agarwal2015_screenplays/pass/51e2fe98144cce5b901a960e_Wild_Things.txt,0120890
witness,agarwal,./data/agarwal2015_screenplays/pass/51e2fe98144cce5b901a960f_Witness.txt,0090329
the x files,agarwal,./data/agarwal2015_screenplays/pass/51e2fe98144cce5b901a9612_The_X_Files.txt,0120902
10 things i hate about you,agarwal,./data/agarwal2015_screenplays/pass/51e2fe98144cce5b901a9617_10_Things_I_Hate_About_You.txt,0147800
1492 conquest of paradise,agarwal,./data/agarwal2015_screenplays/pass/51e2fe98144cce5b901a9618_1492_Conquest_of_Paradise.txt,0103594
15 minutes,agarwal,./data/agarwal2015_screenplays/pass/51e2fe98144cce5b901a9619_15_Minutes.txt,0179626
48 hrs ,agarwal,./data/agarwal2015_screenplays/pass/51e2fe98144cce5b901a961b_48_Hrs_.txt,0083511
lord of war,agarwal,./data/agarwal2015_screenplays/pass/51e301ba1f7f8ee49901b6f0_Lord_of_War.txt,
blade ii,agarwal,./data/agarwal2015_screenplays/pass/51e301ba1f7f8ee49901b801_Blade_II.txt,0187738
jay and silent bob strike back,agarwal,./data/agarwal2015_screenplays/pass/51e301bb1f7f8ee49901b875_Jay_and_Silent_Bob_Strike_Back.txt,0261392
apt pupil,agarwal,./data/agarwal2015_screenplays/pass/51e301bb1f7f8ee49901b93d_Apt_Pupil.txt,0118636
godzilla,agarwal,./data/agarwal2015_screenplays/pass/51e301bb1f7f8ee49901b94f_Godzilla.txt,0831387
sphere,agarwal,./data/agarwal2015_screenplays/pass/51e301bb1f7f8ee49901b976_Sphere.txt,
bound,agarwal,./data/agarwal2015_screenplays/pass/51e301bc1f7f8ee49901b9c6_Bound.txt,
true lies,agarwal,./data/agarwal2015_screenplays/pass/51e301bc1f7f8ee49901ba77_True_Lies.txt,0111503
cliffhanger,agarwal,./data/agarwal2015_screenplays/pass/51e301bc1f7f8ee49901ba7f_Cliffhanger.txt,0106582
the haunting,agarwal,./data/agarwal2015_screenplays/pass/51e301bf1f7f8ee49901bd81_The_Haunting.txt,0171363
the ladykillers,agarwal,./data/agarwal2015_screenplays/pass/51e301bf1f7f8ee49901be0d_The_Ladykillers.txt,
,agarwal,./data/agarwal2015_screenplays/pass/bow.txt,
,agarwal,./data/agarwal2015_screenplays/pass/properties.txt,
,agarwal,./data/agarwal2015_screenplays/pass/test.screen,
