slumdog millionaire,agarwal,./data/agarwal2015_screenplays/eva_test_set/51e2fe98144cce5b901a95dc_Slumdog_Millionaire.txt,1010048,1
silver linings playbook,agarwal,./data/agarwal2015_screenplays/eva_test_set/51e301b71f7f8ee49901b143_Silver_Linings_Playbook.txt,1045658,3
bridesmaids,agarwal,./data/agarwal2015_screenplays/eva_test_set/51e301b81f7f8ee49901b19b_Bridesmaids.txt,1478338,3
colombiana,agarwal,./data/agarwal2015_screenplays/eva_test_set/51e301b81f7f8ee49901b1a8_Colombiana.txt,1657507,1
avatar,agarwal,./data/agarwal2015_screenplays/eva_test_set/51e301b81f7f8ee49901b3bc_Avatar.txt,499549,
he s just not that into you,agarwal,./data/agarwal2015_screenplays/eva_test_set/51e301b81f7f8ee49901b412_He_s_Just_Not_That_Into_You.txt,1001508,3
sherlock holmes,agarwal,./data/agarwal2015_screenplays/eva_test_set/51e301b91f7f8ee49901b474_Sherlock_Holmes.txt,988045,
sex and the city,agarwal,./data/agarwal2015_screenplays/eva_test_set/51e301b91f7f8ee49901b53f_Sex_and_the_City.txt,159206,
the hitchhiker s guide to the galaxy,agarwal,./data/agarwal2015_screenplays/eva_test_set/51e301ba1f7f8ee49901b6d8_The_Hitchhiker_s_Guide_to_the_Galaxy.txt,371724,
charlie s angels,agarwal,./data/agarwal2015_screenplays/eva_test_set/51e301bb1f7f8ee49901b8bc_Charlie_s_Angels.txt,160127,
cruel intentions,agarwal,./data/agarwal2015_screenplays/eva_test_set/51e301bb1f7f8ee49901b909_Cruel_Intentions.txt,139134,
the african queen,agarwal,./data/agarwal2015_screenplays/fail/51e2fe98144cce5b901a94d1_The_African_Queen.txt,43265,
amadeus,agarwal,./data/agarwal2015_screenplays/fail/51e2fe98144cce5b901a94d7_Amadeus.txt,86879,
american beauty,agarwal,./data/agarwal2015_screenplays/fail/51e2fe98144cce5b901a94d8_American_Beauty.txt,169547,
austin powers  international man of mystery,agarwal,./data/agarwal2015_screenplays/fail/51e2fe98144cce5b901a94e3_Austin_Powers__International_Man_of_Mystery.txt,118655,
batman,agarwal,./data/agarwal2015_screenplays/fail/51e2fe98144cce5b901a94ee_Batman.txt,96895,
batman begins,agarwal,./data/agarwal2015_screenplays/fail/51e2fe98144cce5b901a94ef_Batman_Begins.txt,372784,
being john malkovich,agarwal,./data/agarwal2015_screenplays/fail/51e2fe98144cce5b901a94f1_Being_John_Malkovich.txt,120601,
big fish,agarwal,./data/agarwal2015_screenplays/fail/51e2fe98144cce5b901a94f3_Big_Fish.txt,319061,
the birds,agarwal,./data/agarwal2015_screenplays/fail/51e2fe98144cce5b901a94f5_The_Birds.txt,56869,
the bourne identity,agarwal,./data/agarwal2015_screenplays/fail/51e2fe98144cce5b901a94fd_The_Bourne_Identity.txt,258463,
the bourne supremacy,agarwal,./data/agarwal2015_screenplays/fail/51e2fe98144cce5b901a94fe_The_Bourne_Supremacy.txt,372183,
capote,agarwal,./data/agarwal2015_screenplays/fail/51e2fe98144cce5b901a9505_Capote.txt,379725,
casino,agarwal,./data/agarwal2015_screenplays/fail/51e2fe98144cce5b901a9507_Casino.txt,112641,
citizen kane,agarwal,./data/agarwal2015_screenplays/fail/51e2fe98144cce5b901a950d_Citizen_Kane.txt,33467,
detroit rock city,agarwal,./data/agarwal2015_screenplays/fail/51e2fe98144cce5b901a951c_Detroit_Rock_City.txt,165710,
dog day afternoon,agarwal,./data/agarwal2015_screenplays/fail/51e2fe98144cce5b901a951d_Dog_Day_Afternoon.txt,72890,
donnie brasco,agarwal,./data/agarwal2015_screenplays/fail/51e2fe98144cce5b901a951e_Donnie_Brasco.txt,119008,
donnie darko,agarwal,./data/agarwal2015_screenplays/fail/51e2fe98144cce5b901a951f_Donnie_Darko.txt,246578,
double indemnity,agarwal,./data/agarwal2015_screenplays/fail/51e2fe98144cce5b901a9521_Double_Indemnity.txt,36775,
drop dead gorgeous,agarwal,./data/agarwal2015_screenplays/fail/51e2fe98144cce5b901a9523_Drop_Dead_Gorgeous.txt,157503,
excalibur,agarwal,./data/agarwal2015_screenplays/fail/51e2fe98144cce5b901a952d_Excalibur.txt,82348,
forrest gump,agarwal,./data/agarwal2015_screenplays/fail/51e2fe98144cce5b901a9538_Forrest_Gump.txt,109830,
four rooms,agarwal,./data/agarwal2015_screenplays/fail/51e2fe98144cce5b901a9539_Four_Rooms.txt,113101,
the graduate,agarwal,./data/agarwal2015_screenplays/fail/51e2fe98144cce5b901a9548_The_Graduate.txt,61722,
hannah and her sisters,agarwal,./data/agarwal2015_screenplays/fail/51e2fe98144cce5b901a954e_Hannah_and_Her_Sisters.txt,91167,
his girl friday,agarwal,./data/agarwal2015_screenplays/fail/51e2fe98144cce5b901a9558_His_Girl_Friday.txt,32599,
indiana jones and the temple of doom,agarwal,./data/agarwal2015_screenplays/fail/51e2fe98144cce5b901a9564_Indiana_Jones_and_the_Temple_of_Doom.txt,87469,
the italian job,agarwal,./data/agarwal2015_screenplays/fail/51e2fe98144cce5b901a9568_The_Italian_Job.txt,317740,
jackie brown,agarwal,./data/agarwal2015_screenplays/fail/51e2fe98144cce5b901a956a_Jackie_Brown.txt,119396,
the jackie robinson story,agarwal,./data/agarwal2015_screenplays/fail/51e2fe98144cce5b901a956b_The_Jackie_Robinson_Story.txt,42609,
jaws,agarwal,./data/agarwal2015_screenplays/fail/51e2fe98144cce5b901a956e_Jaws.txt,73195,
jaws 2,agarwal,./data/agarwal2015_screenplays/fail/51e2fe98144cce5b901a956f_Jaws_2.txt,77766,
lost horizon,agarwal,./data/agarwal2015_screenplays/fail/51e2fe98144cce5b901a9587_Lost_Horizon.txt,29162,
the lost weekend,agarwal,./data/agarwal2015_screenplays/fail/51e2fe98144cce5b901a9588_The_Lost_Weekend.txt,37884,
the majestic,agarwal,./data/agarwal2015_screenplays/fail/51e2fe98144cce5b901a958b_The_Majestic.txt,268995,
man on fire,agarwal,./data/agarwal2015_screenplays/fail/51e2fe98144cce5b901a958f_Man_on_Fire.txt,93489,
the naked city,agarwal,./data/agarwal2015_screenplays/fail/51e2fe98144cce5b901a95a5_The_Naked_City.txt,40636,
the pianist,agarwal,./data/agarwal2015_screenplays/fail/51e2fe98144cce5b901a95b2_The_Pianist.txt,253474,
the producers,agarwal,./data/agarwal2015_screenplays/fail/51e2fe98144cce5b901a95b7_The_Producers.txt,63462,
pulp fiction,agarwal,./data/agarwal2015_screenplays/fail/51e2fe98144cce5b901a95bc_Pulp_Fiction.txt,110912,
reindeer games,agarwal,./data/agarwal2015_screenplays/fail/51e2fe98144cce5b901a95c3_Reindeer_Games.txt,184858,
saving private ryan,agarwal,./data/agarwal2015_screenplays/fail/51e2fe98144cce5b901a95c8_Saving_Private_Ryan.txt,120815,
scary movie 2,agarwal,./data/agarwal2015_screenplays/fail/51e2fe98144cce5b901a95c9_Scary_Movie_2.txt,257106,
seven,agarwal,./data/agarwal2015_screenplays/fail/51e2fe98144cce5b901a95cf_Seven.txt,114369,
shakespeare in love,agarwal,./data/agarwal2015_screenplays/fail/51e2fe98144cce5b901a95d2_Shakespeare_in_Love.txt,138097,
sideways,agarwal,./data/agarwal2015_screenplays/fail/51e2fe98144cce5b901a95d4_Sideways.txt,375063,
silverado,agarwal,./data/agarwal2015_screenplays/fail/51e2fe98144cce5b901a95d8_Silverado.txt,90022,
slumdog millionaire,agarwal,./data/agarwal2015_screenplays/fail/51e2fe98144cce5b901a95dc_Slumdog_Millionaire.txt,1010048,1
so i married an axe murderer,agarwal,./data/agarwal2015_screenplays/fail/51e2fe98144cce5b901a95df_So_I_Married_an_Axe_Murderer.txt,108174,
state and main,agarwal,./data/agarwal2015_screenplays/fail/51e2fe98144cce5b901a95eb_State_and_Main.txt,120202,
taxi driver,agarwal,./data/agarwal2015_screenplays/fail/51e2fe98144cce5b901a95f2_Taxi_Driver.txt,75314,
terminator 2  judgment day,agarwal,./data/agarwal2015_screenplays/fail/51e2fe98144cce5b901a95f4_Terminator_2__Judgment_Day.txt,103064,
the thing,agarwal,./data/agarwal2015_screenplays/fail/51e2fe98144cce5b901a95f7_The_Thing.txt,84787,
true believer,agarwal,./data/agarwal2015_screenplays/fail/51e2fe98144cce5b901a95fd_True_Believer.txt,98524,
very bad things,agarwal,./data/agarwal2015_screenplays/fail/51e2fe98144cce5b901a9605_Very_Bad_Things.txt,124198,
watchmen,agarwal,./data/agarwal2015_screenplays/fail/51e2fe98144cce5b901a9607_Watchmen.txt,409459,
young frankenstein,agarwal,./data/agarwal2015_screenplays/fail/51e2fe98144cce5b901a9615_Young_Frankenstein.txt,72431,
a clockwork orange,agarwal,./data/agarwal2015_screenplays/fail/51e2fe98144cce5b901a9623_A_Clockwork_Orange.txt,66921,
anna karenina,agarwal,./data/agarwal2015_screenplays/fail/51e301b71f7f8ee49901b09e_Anna_Karenina.txt,1781769,2
argo,agarwal,./data/agarwal2015_screenplays/fail/51e301b71f7f8ee49901b0a1_Argo.txt,1024648,3
the dark knight rises,agarwal,./data/agarwal2015_screenplays/fail/51e301b71f7f8ee49901b0c3_The_Dark_Knight_Rises.txt,1345836,1
flight,agarwal,./data/agarwal2015_screenplays/fail/51e301b71f7f8ee49901b0d5_Flight.txt,1907668,3
les mis rables,agarwal,./data/agarwal2015_screenplays/fail/51e301b71f7f8ee49901b103_Les_Mis_rables.txt,1707386,3
lincoln,agarwal,./data/agarwal2015_screenplays/fail/51e301b71f7f8ee49901b105_Lincoln.txt,443272,
looper,agarwal,./data/agarwal2015_screenplays/fail/51e301b71f7f8ee49901b106_Looper.txt,1276104,1
moonrise kingdom,agarwal,./data/agarwal2015_screenplays/fail/51e301b71f7f8ee49901b113_Moonrise_Kingdom.txt,1748122,3
prometheus,agarwal,./data/agarwal2015_screenplays/fail/51e301b71f7f8ee49901b12b_Prometheus.txt,1446714,3
silver linings playbook,agarwal,./data/agarwal2015_screenplays/fail/51e301b71f7f8ee49901b143_Silver_Linings_Playbook.txt,1045658,3
snow white and the huntsman,agarwal,./data/agarwal2015_screenplays/fail/51e301b71f7f8ee49901b14b_Snow_White_and_the_Huntsman.txt,1735898,3
ted,agarwal,./data/agarwal2015_screenplays/fail/51e301b71f7f8ee49901b158_Ted.txt,1637725,2
the adjustment bureau,agarwal,./data/agarwal2015_screenplays/fail/51e301b81f7f8ee49901b17b_The_Adjustment_Bureau.txt,1385826,3
the best exotic marigold hotel,agarwal,./data/agarwal2015_screenplays/fail/51e301b81f7f8ee49901b195_The_Best_Exotic_Marigold_Hotel.txt,1412386,3
bridesmaids,agarwal,./data/agarwal2015_screenplays/fail/51e301b81f7f8ee49901b19b_Bridesmaids.txt,1478338,3
cars 2,agarwal,./data/agarwal2015_screenplays/fail/51e301b81f7f8ee49901b1a2_Cars_2.txt,1216475,2
cedar rapids,agarwal,./data/agarwal2015_screenplays/fail/51e301b81f7f8ee49901b1a4_Cedar_Rapids.txt,1477837,1
colombiana,agarwal,./data/agarwal2015_screenplays/fail/51e301b81f7f8ee49901b1a8_Colombiana.txt,1657507,1
cowboys   aliens,agarwal,./data/agarwal2015_screenplays/fail/51e301b81f7f8ee49901b1ae_Cowboys___Aliens.txt,409847,
the descendants,agarwal,./data/agarwal2015_screenplays/fail/51e301b81f7f8ee49901b1b5_The_Descendants.txt,1033575,3
the girl with the dragon tattoo,agarwal,./data/agarwal2015_screenplays/fail/51e301b81f7f8ee49901b1d3_The_Girl_with_the_Dragon_Tattoo.txt,1568346,1
hall pass,agarwal,./data/agarwal2015_screenplays/fail/51e301b81f7f8ee49901b1d8_Hall_Pass.txt,480687,
hanna,agarwal,./data/agarwal2015_screenplays/fail/51e301b81f7f8ee49901b1da_Hanna.txt,993842,
the help,agarwal,./data/agarwal2015_screenplays/fail/51e301b81f7f8ee49901b1e1_The_Help.txt,1454029,3
jane eyre,agarwal,./data/agarwal2015_screenplays/fail/51e301b81f7f8ee49901b1fa_Jane_Eyre.txt,1229822,3
limitless,agarwal,./data/agarwal2015_screenplays/fail/51e301b81f7f8ee49901b20c_Limitless.txt,1219289,1
the lincoln lawyer,agarwal,./data/agarwal2015_screenplays/fail/51e301b81f7f8ee49901b20d_The_Lincoln_Lawyer.txt,1189340,1
margaret,agarwal,./data/agarwal2015_screenplays/fail/51e301b81f7f8ee49901b210_Margaret.txt,466893,
the mechanic,agarwal,./data/agarwal2015_screenplays/fail/51e301b81f7f8ee49901b215_The_Mechanic.txt,472399,
moneyball,agarwal,./data/agarwal2015_screenplays/fail/51e301b81f7f8ee49901b21c_Moneyball.txt,1210166,1
monte carlo,agarwal,./data/agarwal2015_screenplays/fail/51e301b81f7f8ee49901b21e_Monte_Carlo.txt,1067774,3
my week with marilyn,agarwal,./data/agarwal2015_screenplays/fail/51e301b81f7f8ee49901b223_My_Week_with_Marilyn.txt,1655420,3
red riding hood,agarwal,./data/agarwal2015_screenplays/fail/51e301b81f7f8ee49901b23a_Red_Riding_Hood.txt,1486185,3
super 8,agarwal,./data/agarwal2015_screenplays/fail/51e301b81f7f8ee49901b25b_Super_8.txt,1650062,3
the thing,agarwal,./data/agarwal2015_screenplays/fail/51e301b81f7f8ee49901b260_The_Thing.txt,84787,
thor,agarwal,./data/agarwal2015_screenplays/fail/51e301b81f7f8ee49901b263_Thor.txt,800369,
the three musketeers,agarwal,./data/agarwal2015_screenplays/fail/51e301b81f7f8ee49901b265_The_Three_Musketeers.txt,1509767,2
tinker  tailor  soldier  spy,agarwal,./data/agarwal2015_screenplays/fail/51e301b81f7f8ee49901b266_Tinker__Tailor__Soldier__Spy.txt,1340800,1
water for elephants,agarwal,./data/agarwal2015_screenplays/fail/51e301b81f7f8ee49901b276_Water_for_Elephants.txt,1067583,1
burlesque,agarwal,./data/agarwal2015_screenplays/fail/51e301b81f7f8ee49901b2ad_Burlesque.txt,1126591,3
clash of the titans,agarwal,./data/agarwal2015_screenplays/fail/51e301b81f7f8ee49901b2bb_Clash_of_the_Titans.txt,800320,
the debt,agarwal,./data/agarwal2015_screenplays/fail/51e301b81f7f8ee49901b2ca_The_Debt.txt,1226753,3
fair game,agarwal,./data/agarwal2015_screenplays/fail/51e301b81f7f8ee49901b2e4_Fair_Game.txt,977855,
legion,agarwal,./data/agarwal2015_screenplays/fail/51e301b81f7f8ee49901b320_Legion.txt,1038686,3
megamind,agarwal,./data/agarwal2015_screenplays/fail/51e301b81f7f8ee49901b32d_MegaMind.txt,1001526,0
the next three days,agarwal,./data/agarwal2015_screenplays/fail/51e301b81f7f8ee49901b334_The_Next_Three_Days.txt,1458175,3
the whistleblower,agarwal,./data/agarwal2015_screenplays/fail/51e301b81f7f8ee49901b394_The_Whistleblower.txt,896872,
2012,agarwal,./data/agarwal2015_screenplays/fail/51e301b81f7f8ee49901b3a2_2012.txt,1190080,1
an education,agarwal,./data/agarwal2015_screenplays/fail/51e301b81f7f8ee49901b3b5_An_Education.txt,1174732,3
avatar,agarwal,./data/agarwal2015_screenplays/fail/51e301b81f7f8ee49901b3bc_Avatar.txt,499549,
the blind side,agarwal,./data/agarwal2015_screenplays/fail/51e301b81f7f8ee49901b3c2_The_Blind_Side.txt,878804,
broken embraces,agarwal,./data/agarwal2015_screenplays/fail/51e301b81f7f8ee49901b3cc_Broken_Embraces.txt,913425,
coraline,agarwal,./data/agarwal2015_screenplays/fail/51e301b81f7f8ee49901b3dc_Coraline.txt,327597,
funny people,agarwal,./data/agarwal2015_screenplays/fail/51e301b81f7f8ee49901b3fd_Funny_People.txt,1201167,1
g i  joe  the rise of cobra,agarwal,./data/agarwal2015_screenplays/fail/51e301b81f7f8ee49901b400_G_I__Joe__The_Rise_of_Cobra.txt,1046173,1
gamer,agarwal,./data/agarwal2015_screenplays/fail/51e301b81f7f8ee49901b401_Gamer.txt,1034032,1
the girl with the dragon tattoo,agarwal,./data/agarwal2015_screenplays/fail/51e301b81f7f8ee49901b408_The_Girl_with_the_Dragon_Tattoo.txt,1568346,1
the hangover,agarwal,./data/agarwal2015_screenplays/fail/51e301b81f7f8ee49901b40e_The_Hangover.txt,1119646,1
he s just not that into you,agarwal,./data/agarwal2015_screenplays/fail/51e301b81f7f8ee49901b412_He_s_Just_Not_That_Into_You.txt,1001508,3
in the loop,agarwal,./data/agarwal2015_screenplays/fail/51e301b81f7f8ee49901b422_In_the_Loop.txt,1226774,3
the invention of lying,agarwal,./data/agarwal2015_screenplays/fail/51e301b81f7f8ee49901b427_The_Invention_of_Lying.txt,1058017,2
it s complicated,agarwal,./data/agarwal2015_screenplays/fail/51e301b81f7f8ee49901b429_It_s_Complicated.txt,1230414,3
jennifer s body,agarwal,./data/agarwal2015_screenplays/fail/51e301b81f7f8ee49901b42c_Jennifer_s_Body.txt,1131734,3
law abiding citizen,agarwal,./data/agarwal2015_screenplays/fail/51e301b81f7f8ee49901b432_Law_Abiding_Citizen.txt,1197624,1
the men who stare at goats,agarwal,./data/agarwal2015_screenplays/fail/51e301b81f7f8ee49901b444_The_Men_Who_Stare_at_Goats.txt,1234548,0
ninja assassin,agarwal,./data/agarwal2015_screenplays/fail/51e301b81f7f8ee49901b456_Ninja_Assassin.txt,1186367,1
orphan,agarwal,./data/agarwal2015_screenplays/fail/51e301b81f7f8ee49901b45a_Orphan.txt,1148204,3
pandorum,agarwal,./data/agarwal2015_screenplays/fail/51e301b91f7f8ee49901b45e_Pandorum.txt,1188729,1
public enemies,agarwal,./data/agarwal2015_screenplays/fail/51e301b91f7f8ee49901b469_Public_Enemies.txt,1152836,1
sherlock holmes,agarwal,./data/agarwal2015_screenplays/fail/51e301b91f7f8ee49901b474_Sherlock_Holmes.txt,988045,
star trek,agarwal,./data/agarwal2015_screenplays/fail/51e301b91f7f8ee49901b47b_Star_Trek.txt,796366,
surrogates,agarwal,./data/agarwal2015_screenplays/fail/51e301b91f7f8ee49901b480_Surrogates.txt,986263,
terminator salvation,agarwal,./data/agarwal2015_screenplays/fail/51e301b91f7f8ee49901b484_Terminator_Salvation.txt,438488,
whiteout,agarwal,./data/agarwal2015_screenplays/fail/51e301b91f7f8ee49901b49e_Whiteout.txt,365929,
youth in revolt,agarwal,./data/agarwal2015_screenplays/fail/51e301b91f7f8ee49901b4a5_Youth_in_Revolt.txt,403702,
the brothers bloom,agarwal,./data/agarwal2015_screenplays/fail/51e301b91f7f8ee49901b4bf_The_Brothers_Bloom.txt,844286,
changeling,agarwal,./data/agarwal2015_screenplays/fail/51e301b91f7f8ee49901b4c1_Changeling.txt,824747,
the curious case of benjamin button,agarwal,./data/agarwal2015_screenplays/fail/51e301b91f7f8ee49901b4ca_The_Curious_Case_of_Benjamin_Button.txt,421715,
deception,agarwal,./data/agarwal2015_screenplays/fail/51e301b91f7f8ee49901b4d0_Deception.txt,6461812,
eagle eye,agarwal,./data/agarwal2015_screenplays/fail/51e301b91f7f8ee49901b4d8_Eagle_Eye.txt,1059786,1
marley   me,agarwal,./data/agarwal2015_screenplays/fail/51e301b91f7f8ee49901b517_Marley___Me.txt,822832,
max payne,agarwal,./data/agarwal2015_screenplays/fail/51e301b91f7f8ee49901b519_Max_Payne.txt,467197,
the other boleyn girl,agarwal,./data/agarwal2015_screenplays/fail/51e301b91f7f8ee49901b528_The_Other_Boleyn_Girl.txt,467200,
pineapple express,agarwal,./data/agarwal2015_screenplays/fail/51e301b91f7f8ee49901b52d_Pineapple_Express.txt,910936,
rachel getting married,agarwal,./data/agarwal2015_screenplays/fail/51e301b91f7f8ee49901b532_Rachel_Getting_Married.txt,1084950,3
rocknrolla,agarwal,./data/agarwal2015_screenplays/fail/51e301b91f7f8ee49901b538_RocknRolla.txt,1032755,1
sex and the city,agarwal,./data/agarwal2015_screenplays/fail/51e301b91f7f8ee49901b53f_Sex_and_the_City.txt,159206,
speed racer,agarwal,./data/agarwal2015_screenplays/fail/51e301b91f7f8ee49901b543_Speed_Racer.txt,811080,
sunshine cleaning,agarwal,./data/agarwal2015_screenplays/fail/51e301b91f7f8ee49901b54a_Sunshine_Cleaning.txt,862846,
synecdoche  new york,agarwal,./data/agarwal2015_screenplays/fail/51e301b91f7f8ee49901b54c_Synecdoche__New_York.txt,383028,
valkyrie,agarwal,./data/agarwal2015_screenplays/fail/51e301b91f7f8ee49901b557_Valkyrie.txt,985699,
the wrestler,agarwal,./data/agarwal2015_screenplays/fail/51e301b91f7f8ee49901b566_The_Wrestler.txt,1125849,1
yes man,agarwal,./data/agarwal2015_screenplays/fail/51e301b91f7f8ee49901b567_Yes_Man.txt,1068680,1
disturbia,agarwal,./data/agarwal2015_screenplays/fail/51e301b91f7f8ee49901b597_Disturbia.txt,486822,
eastern promises,agarwal,./data/agarwal2015_screenplays/fail/51e301b91f7f8ee49901b59a_Eastern_Promises.txt,765443,
elizabeth  the golden age,agarwal,./data/agarwal2015_screenplays/fail/51e301b91f7f8ee49901b59c_Elizabeth__The_Golden_Age.txt,414055,
fracture,agarwal,./data/agarwal2015_screenplays/fail/51e301b91f7f8ee49901b5a3_Fracture.txt,488120,
into the wild,agarwal,./data/agarwal2015_screenplays/fail/51e301b91f7f8ee49901b5ba_Into_the_Wild.txt,758758,
next,agarwal,./data/agarwal2015_screenplays/fail/51e301b91f7f8ee49901b5d5_Next.txt,435705,
superbad,agarwal,./data/agarwal2015_screenplays/fail/51e301b91f7f8ee49901b5f8_Superbad.txt,829482,
tmnt,agarwal,./data/agarwal2015_screenplays/fail/51e301b91f7f8ee49901b601_TMNT.txt,453556,
we own the night,agarwal,./data/agarwal2015_screenplays/fail/51e301b91f7f8ee49901b60d_We_Own_the_Night.txt,498399,
wild hogs,agarwal,./data/agarwal2015_screenplays/fail/51e301b91f7f8ee49901b610_Wild_Hogs.txt,486946,
crank,agarwal,./data/agarwal2015_screenplays/fail/51e301b91f7f8ee49901b637_Crank.txt,479884,
the departed,agarwal,./data/agarwal2015_screenplays/fail/51e301b91f7f8ee49901b63b_The_Departed.txt,407887,
slither,agarwal,./data/agarwal2015_screenplays/fail/51e301b91f7f8ee49901b691_Slither.txt,439815,
brick,agarwal,./data/agarwal2015_screenplays/fail/51e301ba1f7f8ee49901b6b6_Brick.txt,393109,
the hitchhiker s guide to the galaxy,agarwal,./data/agarwal2015_screenplays/fail/51e301ba1f7f8ee49901b6d8_The_Hitchhiker_s_Guide_to_the_Galaxy.txt,371724,
the island,agarwal,./data/agarwal2015_screenplays/fail/51e301ba1f7f8ee49901b6e1_The_Island.txt,399201,
the jacket,agarwal,./data/agarwal2015_screenplays/fail/51e301ba1f7f8ee49901b6e3_The_Jacket.txt,366627,
king kong,agarwal,./data/agarwal2015_screenplays/fail/51e301ba1f7f8ee49901b6e9_King_Kong.txt,360717,
serenity,agarwal,./data/agarwal2015_screenplays/fail/51e301ba1f7f8ee49901b70a_Serenity.txt,379786,
v for vendetta,agarwal,./data/agarwal2015_screenplays/fail/51e301ba1f7f8ee49901b71d_V_for_Vendetta.txt,434409,
catwoman,agarwal,./data/agarwal2015_screenplays/fail/51e301ba1f7f8ee49901b73b_Catwoman.txt,327554,
cellular,agarwal,./data/agarwal2015_screenplays/fail/51e301ba1f7f8ee49901b73c_Cellular.txt,337921,
collateral,agarwal,./data/agarwal2015_screenplays/fail/51e301ba1f7f8ee49901b73f_Collateral.txt,6729080,
harold   kumar go to white castle,agarwal,./data/agarwal2015_screenplays/fail/51e301ba1f7f8ee49901b753_Harold___Kumar_Go_to_White_Castle.txt,366551,
ocean s twelve,agarwal,./data/agarwal2015_screenplays/fail/51e301ba1f7f8ee49901b772_Ocean_s_Twelve.txt,349903,
spanglish,agarwal,./data/agarwal2015_screenplays/fail/51e301ba1f7f8ee49901b786_Spanglish.txt,371246,
the last samurai,agarwal,./data/agarwal2015_screenplays/fail/51e301ba1f7f8ee49901b7c4_The_Last_Samurai.txt,325710,
something s gotta give,agarwal,./data/agarwal2015_screenplays/fail/51e301ba1f7f8ee49901b7e3_Something_s_Gotta_Give.txt,337741,
adaptation,agarwal,./data/agarwal2015_screenplays/fail/51e301ba1f7f8ee49901b7f9_Adaptation.txt,268126,
catch me if you can,agarwal,./data/agarwal2015_screenplays/fail/51e301ba1f7f8ee49901b805_Catch_Me_If_You_Can.txt,264464,
death to smoochy,agarwal,./data/agarwal2015_screenplays/fail/51e301ba1f7f8ee49901b80a_Death_to_Smoochy.txt,266452,
insomnia,agarwal,./data/agarwal2015_screenplays/fail/51e301ba1f7f8ee49901b81d_Insomnia.txt,278504,
go,agarwal,./data/agarwal2015_screenplays/fail/51e301bb1f7f8ee49901b86a_Go.txt,139239,
ocean s eleven,agarwal,./data/agarwal2015_screenplays/fail/51e301bb1f7f8ee49901b88f_Ocean_s_Eleven.txt,240772,
8mm,agarwal,./data/agarwal2015_screenplays/fail/51e301bb1f7f8ee49901b8fc_8mm.txt,134273,
analyze this,agarwal,./data/agarwal2015_screenplays/fail/51e301bb1f7f8ee49901b8fe_Analyze_This.txt,122933,
the green mile,agarwal,./data/agarwal2015_screenplays/fail/51e301bb1f7f8ee49901b915_The_Green_Mile.txt,120689,
magnolia,agarwal,./data/agarwal2015_screenplays/fail/51e301bb1f7f8ee49901b91b_Magnolia.txt,175880,
wild wild west,agarwal,./data/agarwal2015_screenplays/fail/51e301bb1f7f8ee49901b938_Wild_Wild_West.txt,120891,
dark city,agarwal,./data/agarwal2015_screenplays/fail/51e301bb1f7f8ee49901b943_Dark_City.txt,118929,
the truman show,agarwal,./data/agarwal2015_screenplays/fail/51e301bb1f7f8ee49901b97c_The_Truman_Show.txt,120382,
boogie nights,agarwal,./data/agarwal2015_screenplays/fail/51e301bb1f7f8ee49901b98a_Boogie_Nights.txt,118749,
gattaca,agarwal,./data/agarwal2015_screenplays/fail/51e301bb1f7f8ee49901b9a0_Gattaca.txt,119177,
liar liar,agarwal,./data/agarwal2015_screenplays/fail/51e301bc1f7f8ee49901b9a7_Liar_Liar.txt,119528,
the postman,agarwal,./data/agarwal2015_screenplays/fail/51e301bc1f7f8ee49901b9b0_The_Postman.txt,119925,
jane eyre,agarwal,./data/agarwal2015_screenplays/fail/51e301bc1f7f8ee49901b9e4_Jane_Eyre.txt,1229822,3
heat,agarwal,./data/agarwal2015_screenplays/fail/51e301bc1f7f8ee49901ba1f_Heat.txt,113277,
strange days,agarwal,./data/agarwal2015_screenplays/fail/51e301bc1f7f8ee49901ba38_Strange_Days.txt,114558,
ed wood,agarwal,./data/agarwal2015_screenplays/fail/51e301bc1f7f8ee49901ba4f_Ed_Wood.txt,109707,
newsies,agarwal,./data/agarwal2015_screenplays/fail/51e301bc1f7f8ee49901bac3_Newsies.txt,104990,
sister act,agarwal,./data/agarwal2015_screenplays/fail/51e301bc1f7f8ee49901bacb_Sister_Act.txt,105417,
the last boy scout,agarwal,./data/agarwal2015_screenplays/fail/51e301bc1f7f8ee49901bae4_The_Last_Boy_Scout.txt,102266,
robin hood  prince of thieves,agarwal,./data/agarwal2015_screenplays/fail/51e301bc1f7f8ee49901baed_Robin_Hood__Prince_of_Thieves.txt,102798,
darkman,agarwal,./data/agarwal2015_screenplays/fail/51e301bd1f7f8ee49901baff_Darkman.txt,99365,
die hard 2,agarwal,./data/agarwal2015_screenplays/fail/51e301bd1f7f8ee49901bb00_Die_Hard_2.txt,99423,
die hard,agarwal,./data/agarwal2015_screenplays/fail/51e301bd1f7f8ee49901bb4b_Die_Hard.txt,95016,
heathers,agarwal,./data/agarwal2015_screenplays/fail/51e301bd1f7f8ee49901bb4f_Heathers.txt,97493,
twins,agarwal,./data/agarwal2015_screenplays/fail/51e301bd1f7f8ee49901bb60_Twins.txt,96320,
purple rain,agarwal,./data/agarwal2015_screenplays/fail/51e301bd1f7f8ee49901bbe9_Purple_Rain.txt,87957,
body heat,agarwal,./data/agarwal2015_screenplays/fail/51e301bd1f7f8ee49901bc1f_Body_Heat.txt,82089,
clash of the titans,agarwal,./data/agarwal2015_screenplays/fail/51e301bd1f7f8ee49901bc21_Clash_of_the_Titans.txt,800320,
the italian job,agarwal,./data/agarwal2015_screenplays/fail/51e301be1f7f8ee49901bd07_The_Italian_Job.txt,317740,
bonnie and clyde,agarwal,./data/agarwal2015_screenplays/fail/51e301be1f7f8ee49901bd2b_Bonnie_and_Clyde.txt,61418,
the manchurian candidate,agarwal,./data/agarwal2015_screenplays/fail/51e301bf1f7f8ee49901bd94_The_Manchurian_Candidate.txt,368008,
from here to eternity,agarwal,./data/agarwal2015_screenplays/fail/51e301bf1f7f8ee49901be28_From_Here_to_Eternity.txt,45793,
strangers on a train,agarwal,./data/agarwal2015_screenplays/fail/51e301bf1f7f8ee49901be46_Strangers_on_a_Train.txt,44079,
anna karenina,agarwal,./data/agarwal2015_screenplays/fail/51e301bf1f7f8ee49901be5d_Anna_Karenina.txt,1781769,2
deception,agarwal,./data/agarwal2015_screenplays/fail/51e301c01f7f8ee49901be78_Deception.txt,6461812,
anna karenina,agarwal,./data/agarwal2015_screenplays/fail/51e301c01f7f8ee49901bf12_Anna_Karenina.txt,1781769,2
king kong,agarwal,./data/agarwal2015_screenplays/fail/51e301c01f7f8ee49901bf24_King_Kong.txt,360717,
all the president s men,agarwal,./data/agarwal2015_screenplays/fail_wo_tags/51e2fe98144cce5b901a94d6_All_the_President_s_Men.txt,74119,
american graffiti,agarwal,./data/agarwal2015_screenplays/fail_wo_tags/51e2fe98144cce5b901a94d9_American_Graffiti.txt,69704,
badlands,agarwal,./data/agarwal2015_screenplays/fail_wo_tags/51e2fe98144cce5b901a94eb_Badlands.txt,69762,
barton fink,agarwal,./data/agarwal2015_screenplays/fail_wo_tags/51e2fe98144cce5b901a94ec_Barton_Fink.txt,101410,
the big lebowski,agarwal,./data/agarwal2015_screenplays/fail_wo_tags/51e2fe98144cce5b901a94f4_The_Big_Lebowski.txt,118715,
clerks ,agarwal,./data/agarwal2015_screenplays/fail_wo_tags/51e2fe98144cce5b901a950e_Clerks_.txt,109445,
dark star,agarwal,./data/agarwal2015_screenplays/fail_wo_tags/51e2fe98144cce5b901a9517_Dark_Star.txt,69945,
the elephant man,agarwal,./data/agarwal2015_screenplays/fail_wo_tags/51e2fe98144cce5b901a9527_The_Elephant_Man.txt,80678,
erik the viking,agarwal,./data/agarwal2015_screenplays/fail_wo_tags/51e2fe98144cce5b901a9528_Erik_the_Viking.txt,97289,
frankenstein,agarwal,./data/agarwal2015_screenplays/fail_wo_tags/51e2fe98144cce5b901a953b_Frankenstein.txt,1976009,0
gandhi,agarwal,./data/agarwal2015_screenplays/fail_wo_tags/51e2fe98144cce5b901a953e_Gandhi.txt,83987,
the ghost and the darkness,agarwal,./data/agarwal2015_screenplays/fail_wo_tags/51e2fe98144cce5b901a9542_The_Ghost_and_the_Darkness.txt,116409,
grand hotel,agarwal,./data/agarwal2015_screenplays/fail_wo_tags/51e2fe98144cce5b901a9549_Grand_Hotel.txt,2006421,
the grapes of wrath,agarwal,./data/agarwal2015_screenplays/fail_wo_tags/51e2fe98144cce5b901a954a_The_Grapes_of_Wrath.txt,32551,
a hard day s night,agarwal,./data/agarwal2015_screenplays/fail_wo_tags/51e2fe98144cce5b901a9552_A_Hard_Day_s_Night.txt,58182,
the hospital,agarwal,./data/agarwal2015_screenplays/fail_wo_tags/51e2fe98144cce5b901a955b_The_Hospital.txt,67217,
the hudsucker proxy,agarwal,./data/agarwal2015_screenplays/fail_wo_tags/51e2fe98144cce5b901a955d_The_Hudsucker_Proxy.txt,110074,
it happened one night,agarwal,./data/agarwal2015_screenplays/fail_wo_tags/51e2fe98144cce5b901a9567_It_Happened_One_Night.txt,25316,
jfk,agarwal,./data/agarwal2015_screenplays/fail_wo_tags/51e2fe98144cce5b901a9570_JFK.txt,102138,
the man who wasn t there,agarwal,./data/agarwal2015_screenplays/fail_wo_tags/51e2fe98144cce5b901a9590_The_Man_Who_Wasn_t_There.txt,243133,
miller s crossing,agarwal,./data/agarwal2015_screenplays/fail_wo_tags/51e2fe98144cce5b901a9599_Miller_s_Crossing.txt,100150,
misery,agarwal,./data/agarwal2015_screenplays/fail_wo_tags/51e2fe98144cce5b901a959b_Misery.txt,100157,
mr  smith goes to washington,agarwal,./data/agarwal2015_screenplays/fail_wo_tags/51e2fe98144cce5b901a959e_Mr__Smith_Goes_to_Washington.txt,31679,
mobsters,agarwal,./data/agarwal2015_screenplays/fail_wo_tags/51e2fe98144cce5b901a959f_Mobsters.txt,102460,
ninotchka,agarwal,./data/agarwal2015_screenplays/fail_wo_tags/51e2fe98144cce5b901a95a8_Ninotchka.txt,31725,
portrait of jennie,agarwal,./data/agarwal2015_screenplays/fail_wo_tags/51e2fe98144cce5b901a95b5_Portrait_of_Jennie.txt,40705,
the princess bride,agarwal,./data/agarwal2015_screenplays/fail_wo_tags/51e2fe98144cce5b901a95b6_The_Princess_Bride.txt,93779,
serial mom,agarwal,./data/agarwal2015_screenplays/fail_wo_tags/51e2fe98144cce5b901a95ce_Serial_Mom.txt,111127,
smokey and the bandit,agarwal,./data/agarwal2015_screenplays/fail_wo_tags/51e2fe98144cce5b901a95dd_Smokey_and_the_Bandit.txt,76729,
stagecoach,agarwal,./data/agarwal2015_screenplays/fail_wo_tags/51e2fe98144cce5b901a95e2_Stagecoach.txt,92003,
star wars episode vi  return of the jedi,agarwal,./data/agarwal2015_screenplays/fail_wo_tags/51e2fe98144cce5b901a95e9_Star_Wars_Episode_VI__Return_of_the_Jedi.txt,86190,
the 40 year old virgin,agarwal,./data/agarwal2015_screenplays/fail_wo_tags/51e2fe98144cce5b901a961a_The_40_Year_Old_Virgin.txt,405422,
evil dead,agarwal,./data/agarwal2015_screenplays/fail_wo_tags/51e301b71f7f8ee49901b05c_Evil_Dead.txt,83907,
django unchained,agarwal,./data/agarwal2015_screenplays/fail_wo_tags/51e301b71f7f8ee49901b0ca_Django_Unchained.txt,1853728,1
hannibal,agarwal,./data/agarwal2015_screenplays/fail_wo_tags/51e301b71f7f8ee49901b0e6_Hannibal.txt,2243973,3
the fighter,agarwal,./data/agarwal2015_screenplays/fail_wo_tags/51e301b81f7f8ee49901b2e7_The_Fighter.txt,964517,
true grit,agarwal,./data/agarwal2015_screenplays/fail_wo_tags/51e301b81f7f8ee49901b384_True_Grit.txt,1403865,3
44 inch chest,agarwal,./data/agarwal2015_screenplays/fail_wo_tags/51e301b81f7f8ee49901b3a4_44_Inch_Chest.txt,914837,
a serious man,agarwal,./data/agarwal2015_screenplays/fail_wo_tags/51e301b81f7f8ee49901b3a8_A_Serious_Man.txt,1019452,2
angels and demons,agarwal,./data/agarwal2015_screenplays/fail_wo_tags/51e301b81f7f8ee49901b3b6_Angels_and_Demons.txt,4158638,
the imaginarium of dr  parnassus,agarwal,./data/agarwal2015_screenplays/fail_wo_tags/51e301b81f7f8ee49901b420_The_Imaginarium_of_Dr__Parnassus.txt,1054606,1
inglourious basterds,agarwal,./data/agarwal2015_screenplays/fail_wo_tags/51e301b81f7f8ee49901b425_Inglourious_Basterds.txt,361748,
dawn of the dead,agarwal,./data/agarwal2015_screenplays/fail_wo_tags/51e301ba1f7f8ee49901b744_Dawn_of_the_Dead.txt,363547,
saw,agarwal,./data/agarwal2015_screenplays/fail_wo_tags/51e301ba1f7f8ee49901b77f_Saw.txt,387564,
finding nemo,agarwal,./data/agarwal2015_screenplays/fail_wo_tags/51e301ba1f7f8ee49901b7b0_Finding_Nemo.txt,266543,
gangs of new york,agarwal,./data/agarwal2015_screenplays/fail_wo_tags/51e301ba1f7f8ee49901b813_Gangs_of_New_York.txt,217505,
the good girl,agarwal,./data/agarwal2015_screenplays/fail_wo_tags/51e301ba1f7f8ee49901b814_The_Good_Girl.txt,279113,
resident evil,agarwal,./data/agarwal2015_screenplays/fail_wo_tags/51e301bb1f7f8ee49901b833_Resident_Evil.txt,120804,
american outlaws,agarwal,./data/agarwal2015_screenplays/fail_wo_tags/51e301bb1f7f8ee49901b85b_American_Outlaws.txt,244000,
american psycho,agarwal,./data/agarwal2015_screenplays/fail_wo_tags/51e301bb1f7f8ee49901b8ad_American_Psycho.txt,144084,
dogma,agarwal,./data/agarwal2015_screenplays/fail_wo_tags/51e301bb1f7f8ee49901b90a_Dogma.txt,120655,
never been kissed,agarwal,./data/agarwal2015_screenplays/fail_wo_tags/51e301bb1f7f8ee49901b91f_Never_Been_Kissed.txt,151738,
lock  stock and two smoking barrels,agarwal,./data/agarwal2015_screenplays/fail_wo_tags/51e301bb1f7f8ee49901b956_Lock__Stock_and_Two_Smoking_Barrels.txt,120735,
mulan,agarwal,./data/agarwal2015_screenplays/fail_wo_tags/51e301bb1f7f8ee49901b95b_Mulan.txt,120762,
rushmore,agarwal,./data/agarwal2015_screenplays/fail_wo_tags/51e301bb1f7f8ee49901b96b_Rushmore.txt,128445,
cube,agarwal,./data/agarwal2015_screenplays/fail_wo_tags/51e301bb1f7f8ee49901b994_Cube.txt,123755,
the game,agarwal,./data/agarwal2015_screenplays/fail_wo_tags/51e301bb1f7f8ee49901b99f_The_Game.txt,119174,
starship troopers,agarwal,./data/agarwal2015_screenplays/fail_wo_tags/51e301bc1f7f8ee49901b9b7_Starship_Troopers.txt,120201,
clueless,agarwal,./data/agarwal2015_screenplays/fail_wo_tags/51e301bc1f7f8ee49901ba14_Clueless.txt,112697,
heavenly creatures,agarwal,./data/agarwal2015_screenplays/fail_wo_tags/51e301bc1f7f8ee49901ba56_Heavenly_Creatures.txt,110005,
aladdin,agarwal,./data/agarwal2015_screenplays/fail_wo_tags/51e301bc1f7f8ee49901baae_Aladdin.txt,6139732,
labyrinth,agarwal,./data/agarwal2015_screenplays/fail_wo_tags/51e301bd1f7f8ee49901bb9c_Labyrinth.txt,91369,
agnes of god,agarwal,./data/agarwal2015_screenplays/fail_wo_tags/51e301bd1f7f8ee49901bbae_Agnes_of_God.txt,88683,
the king of comedy,agarwal,./data/agarwal2015_screenplays/fail_wo_tags/51e301bd1f7f8ee49901bc11_The_King_of_Comedy.txt,85794,
dawn of the dead,agarwal,./data/agarwal2015_screenplays/fail_wo_tags/51e301be1f7f8ee49901bc64_Dawn_of_the_Dead.txt,363547,
days of heaven,agarwal,./data/agarwal2015_screenplays/fail_wo_tags/51e301be1f7f8ee49901bc65_Days_of_Heaven.txt,77405,
midnight express,agarwal,./data/agarwal2015_screenplays/fail_wo_tags/51e301be1f7f8ee49901bc6e_Midnight_Express.txt,77928,
true grit,agarwal,./data/agarwal2015_screenplays/fail_wo_tags/51e301be1f7f8ee49901bd0e_True_Grit.txt,1403865,3
2001  a space odyssey,agarwal,./data/agarwal2015_screenplays/fail_wo_tags/51e301be1f7f8ee49901bd10_2001__A_Space_Odyssey.txt,62622,
mary poppins,agarwal,./data/agarwal2015_screenplays/fail_wo_tags/51e301bf1f7f8ee49901bd72_Mary_Poppins.txt,58331,
meet john doe,agarwal,./data/agarwal2015_screenplays/fail_wo_tags/51e301c01f7f8ee49901beba_Meet_John_Doe.txt,33891,
the wizard of oz,agarwal,./data/agarwal2015_screenplays/fail_wo_tags/51e301c01f7f8ee49901bee1_The_Wizard_of_Oz.txt,32138,
frankenstein,agarwal,./data/agarwal2015_screenplays/fail_wo_tags/51e301c01f7f8ee49901bf35_Frankenstein.txt,1976009,0
the passion of joan of arc,agarwal,./data/agarwal2015_screenplays/fail_wo_tags/51e301c11f7f8ee49901bf52_The_Passion_of_Joan_of_Arc.txt,19254,
,agarwal,./data/agarwal2015_screenplays/fail_wo_tags/findMoviesWithoutIntExt.pl,,3
,agarwal,./data/agarwal2015_screenplays/fail_wo_tags/listMovies.txt,,3
all about eve,agarwal,./data/agarwal2015_screenplays/pass/51e2fe98144cce5b901a94d4_All_About_Eve.txt,42192,
american pie,agarwal,./data/agarwal2015_screenplays/pass/51e2fe98144cce5b901a94da_American_Pie.txt,1605630,
an american werewolf in paris,agarwal,./data/agarwal2015_screenplays/pass/51e2fe98144cce5b901a94dd_An_American_Werewolf_in_Paris.txt,118604,
annie hall,agarwal,./data/agarwal2015_screenplays/pass/51e2fe98144cce5b901a94de_Annie_Hall.txt,75686,
as good as it gets,agarwal,./data/agarwal2015_screenplays/pass/51e2fe98144cce5b901a94e1_As_Good_as_It_Gets.txt,119822,
the assignment,agarwal,./data/agarwal2015_screenplays/pass/51e2fe98144cce5b901a94e2_The_Assignment.txt,118647,
bachelor party,agarwal,./data/agarwal2015_screenplays/pass/51e2fe98144cce5b901a94e6_Bachelor_Party.txt,86927,
backdraft,agarwal,./data/agarwal2015_screenplays/pass/51e2fe98144cce5b901a94e7_Backdraft.txt,101393,
bad day at black rock,agarwal,./data/agarwal2015_screenplays/pass/51e2fe98144cce5b901a94e8_Bad_Day_at_Black_Rock.txt,47849,
basic,agarwal,./data/agarwal2015_screenplays/pass/51e2fe98144cce5b901a94ed_Basic.txt,264395,
the battle of shaker heights,agarwal,./data/agarwal2015_screenplays/pass/51e2fe98144cce5b901a94f0_The_Battle_of_Shaker_Heights.txt,357470,
being there,agarwal,./data/agarwal2015_screenplays/pass/51e2fe98144cce5b901a94f2_Being_There.txt,78841,
black snake moan,agarwal,./data/agarwal2015_screenplays/pass/51e2fe98144cce5b901a94f7_Black_Snake_Moan.txt,462200,
blue velvet,agarwal,./data/agarwal2015_screenplays/pass/51e2fe98144cce5b901a94f9_Blue_Velvet.txt,90756,
the boondock saints,agarwal,./data/agarwal2015_screenplays/pass/51e2fe98144cce5b901a94fb_The_Boondock_Saints.txt,144117,
bottle rocket,agarwal,./data/agarwal2015_screenplays/pass/51e2fe98144cce5b901a94fc_Bottle_Rocket.txt,115734,
braveheart,agarwal,./data/agarwal2015_screenplays/pass/51e2fe98144cce5b901a9500_Braveheart.txt,112573,
bringing out the dead,agarwal,./data/agarwal2015_screenplays/pass/51e2fe98144cce5b901a9501_Bringing_Out_the_Dead.txt,163988,
bruce almighty,agarwal,./data/agarwal2015_screenplays/pass/51e2fe98144cce5b901a9502_Bruce_Almighty.txt,315327,
bull durham,agarwal,./data/agarwal2015_screenplays/pass/51e2fe98144cce5b901a9503_Bull_Durham.txt,94812,
the butterfly effect,agarwal,./data/agarwal2015_screenplays/pass/51e2fe98144cce5b901a9504_The_Butterfly_Effect.txt,289879,
casablanca,agarwal,./data/agarwal2015_screenplays/pass/51e2fe98144cce5b901a9506_Casablanca.txt,34583,
chasing amy,agarwal,./data/agarwal2015_screenplays/pass/51e2fe98144cce5b901a9509_Chasing_Amy.txt,118842,
chinatown,agarwal,./data/agarwal2015_screenplays/pass/51e2fe98144cce5b901a950a_Chinatown.txt,71315,
the cider house rules,agarwal,./data/agarwal2015_screenplays/pass/51e2fe98144cce5b901a950b_The_Cider_House_Rules.txt,124315,
the cincinnati kid,agarwal,./data/agarwal2015_screenplays/pass/51e2fe98144cce5b901a950c_The_Cincinnati_Kid.txt,59037,
cold mountain,agarwal,./data/agarwal2015_screenplays/pass/51e2fe98144cce5b901a9510_Cold_Mountain.txt,159365,
the cooler,agarwal,./data/agarwal2015_screenplays/pass/51e2fe98144cce5b901a9512_The_Cooler.txt,318374,
dances with wolves,agarwal,./data/agarwal2015_screenplays/pass/51e2fe98144cce5b901a9516_Dances_with_Wolves.txt,99348,
the day the clown cried,agarwal,./data/agarwal2015_screenplays/pass/51e2fe98144cce5b901a9518_The_Day_the_Clown_Cried.txt,68451,
the day the earth stood still,agarwal,./data/agarwal2015_screenplays/pass/51e2fe98144cce5b901a9519_The_Day_the_Earth_Stood_Still.txt,970416,
dead poets society,agarwal,./data/agarwal2015_screenplays/pass/51e2fe98144cce5b901a951a_Dead_Poets_Society.txt,97165,
deep cover,agarwal,./data/agarwal2015_screenplays/pass/51e2fe98144cce5b901a951b_Deep_Cover.txt,104073,
the doors,agarwal,./data/agarwal2015_screenplays/pass/51e2fe98144cce5b901a9520_The_Doors.txt,101761,
dumb   dumber,agarwal,./data/agarwal2015_screenplays/pass/51e2fe98144cce5b901a9525_Dumb___Dumber.txt,109686,
erin brockovich,agarwal,./data/agarwal2015_screenplays/pass/51e2fe98144cce5b901a9529_Erin_Brockovich.txt,195685,
eternal sunshine of the spotless mind,agarwal,./data/agarwal2015_screenplays/pass/51e2fe98144cce5b901a952a_Eternal_Sunshine_of_the_Spotless_Mind.txt,338013,
fantastic four,agarwal,./data/agarwal2015_screenplays/pass/51e2fe98144cce5b901a952e_Fantastic_Four.txt,1502712,0
fast times at ridgemont high,agarwal,./data/agarwal2015_screenplays/pass/51e2fe98144cce5b901a9530_Fast_Times_at_Ridgemont_High.txt,83929,
fatal instinct,agarwal,./data/agarwal2015_screenplays/pass/51e2fe98144cce5b901a9531_Fatal_Instinct.txt,106873,
fear and loathing in las vegas,agarwal,./data/agarwal2015_screenplays/pass/51e2fe98144cce5b901a9532_Fear_and_Loathing_in_Las_Vegas.txt,120669,
a few good men,agarwal,./data/agarwal2015_screenplays/pass/51e2fe98144cce5b901a9535_A_Few_Good_Men.txt,104257,
from dusk till dawn,agarwal,./data/agarwal2015_screenplays/pass/51e2fe98144cce5b901a953d_From_Dusk_till_Dawn.txt,116367,
gang related,agarwal,./data/agarwal2015_screenplays/pass/51e2fe98144cce5b901a953f_Gang_Related.txt,118900,
get shorty,agarwal,./data/agarwal2015_screenplays/pass/51e2fe98144cce5b901a9540_Get_Shorty.txt,5761496,
ghost ship,agarwal,./data/agarwal2015_screenplays/pass/51e2fe98144cce5b901a9543_Ghost_Ship.txt,288477,
ghost world,agarwal,./data/agarwal2015_screenplays/pass/51e2fe98144cce5b901a9544_Ghost_World.txt,162346,
the godfather,agarwal,./data/agarwal2015_screenplays/pass/51e2fe98144cce5b901a9545_The_Godfather.txt,68646,
gods and monsters,agarwal,./data/agarwal2015_screenplays/pass/51e2fe98144cce5b901a9546_Gods_and_Monsters.txt,120684,
good will hunting,agarwal,./data/agarwal2015_screenplays/pass/51e2fe98144cce5b901a9547_Good_Will_Hunting.txt,119217,
hannibal,agarwal,./data/agarwal2015_screenplays/pass/51e2fe98144cce5b901a954f_Hannibal.txt,2243973,3
hannibal,agarwal,./data/agarwal2015_screenplays/pass/51e2fe98144cce5b901a9550_Hannibal.txt,212985,
hardcore,agarwal,./data/agarwal2015_screenplays/pass/51e2fe98144cce5b901a9551_Hardcore.txt,79271,
hard rain,agarwal,./data/agarwal2015_screenplays/pass/51e2fe98144cce5b901a9553_Hard_Rain.txt,120696,
hellboy,agarwal,./data/agarwal2015_screenplays/pass/51e2fe98144cce5b901a9554_Hellboy.txt,167190,
hellraiser,agarwal,./data/agarwal2015_screenplays/pass/51e2fe98144cce5b901a9555_Hellraiser.txt,93177,
hellbound  hellraiser ii,agarwal,./data/agarwal2015_screenplays/pass/51e2fe98144cce5b901a9556_Hellbound__Hellraiser_II.txt,95294,
high fidelity,agarwal,./data/agarwal2015_screenplays/pass/51e2fe98144cce5b901a9557_High_Fidelity.txt,146882,
hope and glory,agarwal,./data/agarwal2015_screenplays/pass/51e2fe98144cce5b901a9559_Hope_and_Glory.txt,93209,
the horse whisperer,agarwal,./data/agarwal2015_screenplays/pass/51e2fe98144cce5b901a955a_The_Horse_Whisperer.txt,119314,
house of 1000 corpses,agarwal,./data/agarwal2015_screenplays/pass/51e2fe98144cce5b901a955c_House_of_1000_Corpses.txt,251736,
human nature,agarwal,./data/agarwal2015_screenplays/pass/51e2fe98144cce5b901a955e_Human_Nature.txt,219822,
the hustler,agarwal,./data/agarwal2015_screenplays/pass/51e2fe98144cce5b901a955f_The_Hustler.txt,54997,
i am sam,agarwal,./data/agarwal2015_screenplays/pass/51e2fe98144cce5b901a9560_I_Am_Sam.txt,277027,
i ll do anything,agarwal,./data/agarwal2015_screenplays/pass/51e2fe98144cce5b901a9561_I_ll_Do_Anything.txt,110097,
independence day,agarwal,./data/agarwal2015_screenplays/pass/51e2fe98144cce5b901a9562_Independence_Day.txt,116629,
the insider,agarwal,./data/agarwal2015_screenplays/pass/51e2fe98144cce5b901a9565_The_Insider.txt,140352,
intolerable cruelty,agarwal,./data/agarwal2015_screenplays/pass/51e2fe98144cce5b901a9566_Intolerable_Cruelty.txt,138524,
it s a wonderful life,agarwal,./data/agarwal2015_screenplays/pass/51e2fe98144cce5b901a9569_It_s_a_Wonderful_Life.txt,38650,
jacob s ladder,agarwal,./data/agarwal2015_screenplays/pass/51e2fe98144cce5b901a956c_Jacob_s_Ladder.txt,99871,
kalifornia,agarwal,./data/agarwal2015_screenplays/pass/51e2fe98144cce5b901a9572_Kalifornia.txt,107302,
kate   leopold,agarwal,./data/agarwal2015_screenplays/pass/51e2fe98144cce5b901a9573_Kate___Leopold.txt,35423,
kramer vs  kramer,agarwal,./data/agarwal2015_screenplays/pass/51e2fe98144cce5b901a9575_Kramer_vs__Kramer.txt,79417,
kundun,agarwal,./data/agarwal2015_screenplays/pass/51e2fe98144cce5b901a9576_Kundun.txt,119485,
l a  confidential,agarwal,./data/agarwal2015_screenplays/pass/51e2fe98144cce5b901a9577_L_A__Confidential.txt,119488,
the ladykillers,agarwal,./data/agarwal2015_screenplays/pass/51e2fe98144cce5b901a9578_The_Ladykillers.txt,335245,
the last temptation of christ,agarwal,./data/agarwal2015_screenplays/pass/51e2fe98144cce5b901a9579_The_Last_Temptation_of_Christ.txt,95497,
legally blonde,agarwal,./data/agarwal2015_screenplays/pass/51e2fe98144cce5b901a957b_Legally_Blonde.txt,250494,
the life of david gale,agarwal,./data/agarwal2015_screenplays/pass/51e2fe98144cce5b901a957d_The_Life_of_David_Gale.txt,289992,
little miss sunshine,agarwal,./data/agarwal2015_screenplays/pass/51e2fe98144cce5b901a957f_Little_Miss_Sunshine.txt,449059,
logan s run,agarwal,./data/agarwal2015_screenplays/pass/51e2fe98144cce5b901a9582_Logan_s_Run.txt,74812,
lone star,agarwal,./data/agarwal2015_screenplays/pass/51e2fe98144cce5b901a9583_Lone_Star.txt,116905,
the long kiss goodnight,agarwal,./data/agarwal2015_screenplays/pass/51e2fe98144cce5b901a9584_The_Long_Kiss_Goodnight.txt,116908,
the lord of the rings  the return of the king,agarwal,./data/agarwal2015_screenplays/pass/51e2fe98144cce5b901a9585_The_Lord_of_the_Rings__The_Return_of_the_King.txt,167260,
lost highway,agarwal,./data/agarwal2015_screenplays/pass/51e2fe98144cce5b901a9586_Lost_Highway.txt,116922,
major league,agarwal,./data/agarwal2015_screenplays/pass/51e2fe98144cce5b901a958c_Major_League.txt,97815,
malcolm x,agarwal,./data/agarwal2015_screenplays/pass/51e2fe98144cce5b901a958d_Malcolm_X.txt,104797,
manhunter,agarwal,./data/agarwal2015_screenplays/pass/51e2fe98144cce5b901a958e_Manhunter.txt,91474,
men in black,agarwal,./data/agarwal2015_screenplays/pass/51e2fe98144cce5b901a9594_Men_in_Black.txt,119654,
midnight cowboy,agarwal,./data/agarwal2015_screenplays/pass/51e2fe98144cce5b901a9597_Midnight_Cowboy.txt,64665,
mission to mars,agarwal,./data/agarwal2015_screenplays/pass/51e2fe98144cce5b901a959c_Mission_to_Mars.txt,183523,
moonstruck,agarwal,./data/agarwal2015_screenplays/pass/51e2fe98144cce5b901a95a0_Moonstruck.txt,93565,
music of the heart,agarwal,./data/agarwal2015_screenplays/pass/51e2fe98144cce5b901a95a3_Music_of_the_Heart.txt,166943,
mystery men,agarwal,./data/agarwal2015_screenplays/pass/51e2fe98144cce5b901a95a4_Mystery_Men.txt,132347,
the night of the hunter,agarwal,./data/agarwal2015_screenplays/pass/51e2fe98144cce5b901a95a6_The_Night_of_the_Hunter.txt,48424,
a nightmare on elm street,agarwal,./data/agarwal2015_screenplays/pass/51e2fe98144cce5b901a95a7_A_Nightmare_on_Elm_Street.txt,87800,
nurse betty,agarwal,./data/agarwal2015_screenplays/pass/51e2fe98144cce5b901a95ab_Nurse_Betty.txt,171580,
an officer and a gentleman,agarwal,./data/agarwal2015_screenplays/pass/51e2fe98144cce5b901a95ac_An_Officer_and_a_Gentleman.txt,84434,
one flew over the cuckoo s nest,agarwal,./data/agarwal2015_screenplays/pass/51e2fe98144cce5b901a95ad_One_Flew_Over_the_Cuckoo_s_Nest.txt,73486,
out of sight,agarwal,./data/agarwal2015_screenplays/pass/51e2fe98144cce5b901a95ae_Out_of_Sight.txt,120780,
panther,agarwal,./data/agarwal2015_screenplays/pass/51e2fe98144cce5b901a95af_Panther.txt,114084,
peeping tom,agarwal,./data/agarwal2015_screenplays/pass/51e2fe98144cce5b901a95b0_Peeping_Tom.txt,54167,
pirates of the caribbean  the curse of the black pearl,agarwal,./data/agarwal2015_screenplays/pass/51e2fe98144cce5b901a95b3_Pirates_of_the_Caribbean__The_Curse_of_the_Black_Pearl.txt,325980,
platoon,agarwal,./data/agarwal2015_screenplays/pass/51e2fe98144cce5b901a95b4_Platoon.txt,91763,
the program,agarwal,./data/agarwal2015_screenplays/pass/51e2fe98144cce5b901a95b8_The_Program.txt,107889,
the prophecy,agarwal,./data/agarwal2015_screenplays/pass/51e2fe98144cce5b901a95b9_The_Prophecy.txt,114194,
psycho,agarwal,./data/agarwal2015_screenplays/pass/51e2fe98144cce5b901a95ba_Psycho.txt,54215,
the public eye,agarwal,./data/agarwal2015_screenplays/pass/51e2fe98144cce5b901a95bb_The_Public_Eye.txt,105187,
quills,agarwal,./data/agarwal2015_screenplays/pass/51e2fe98144cce5b901a95bd_Quills.txt,180073,
raging bull,agarwal,./data/agarwal2015_screenplays/pass/51e2fe98144cce5b901a95bf_Raging_Bull.txt,81398,
raising arizona,agarwal,./data/agarwal2015_screenplays/pass/51e2fe98144cce5b901a95c1_Raising_Arizona.txt,93822,
rear window,agarwal,./data/agarwal2015_screenplays/pass/51e2fe98144cce5b901a95c2_Rear_Window.txt,47396,
ride the high country,agarwal,./data/agarwal2015_screenplays/pass/51e2fe98144cce5b901a95c5_Ride_the_High_Country.txt,56412,
rocky,agarwal,./data/agarwal2015_screenplays/pass/51e2fe98144cce5b901a95c6_Rocky.txt,75148,
schindler s list,agarwal,./data/agarwal2015_screenplays/pass/51e2fe98144cce5b901a95ca_Schindler_s_List.txt,108052,
the searchers,agarwal,./data/agarwal2015_screenplays/pass/51e2fe98144cce5b901a95cc_The_Searchers.txt,49730,
sense and sensibility,agarwal,./data/agarwal2015_screenplays/pass/51e2fe98144cce5b901a95cd_Sense_and_Sensibility.txt,114388,
the siege,agarwal,./data/agarwal2015_screenplays/pass/51e2fe98144cce5b901a95d5_The_Siege.txt,133952,
the silence of the lambs,agarwal,./data/agarwal2015_screenplays/pass/51e2fe98144cce5b901a95d7_The_Silence_of_the_Lambs.txt,102926,
the sixth sense,agarwal,./data/agarwal2015_screenplays/pass/51e2fe98144cce5b901a95d9_The_Sixth_Sense.txt,167404,
slash,agarwal,./data/agarwal2015_screenplays/pass/51e2fe98144cce5b901a95da_Slash.txt,301848,
sling blade,agarwal,./data/agarwal2015_screenplays/pass/51e2fe98144cce5b901a95db_Sling_Blade.txt,117666,
smokin  aces,agarwal,./data/agarwal2015_screenplays/pass/51e2fe98144cce5b901a95de_Smokin__Aces.txt,475394,
some like it hot,agarwal,./data/agarwal2015_screenplays/pass/51e2fe98144cce5b901a95e1_Some_Like_It_Hot.txt,53291,
stalag 17,agarwal,./data/agarwal2015_screenplays/pass/51e2fe98144cce5b901a95e3_Stalag_17.txt,46359,
the sting,agarwal,./data/agarwal2015_screenplays/pass/51e2fe98144cce5b901a95ed_The_Sting.txt,70735,
stolen summer,agarwal,./data/agarwal2015_screenplays/pass/51e2fe98144cce5b901a95ee_Stolen_Summer.txt,286162,
swingers,agarwal,./data/agarwal2015_screenplays/pass/51e2fe98144cce5b901a95ef_Swingers.txt,117802,
the talented mr  ripley,agarwal,./data/agarwal2015_screenplays/pass/51e2fe98144cce5b901a95f0_The_Talented_Mr__Ripley.txt,134119,
tall in the saddle,agarwal,./data/agarwal2015_screenplays/pass/51e2fe98144cce5b901a95f1_Tall_in_the_Saddle.txt,37343,
the terminator,agarwal,./data/agarwal2015_screenplays/pass/51e2fe98144cce5b901a95f3_The_Terminator.txt,88247,
thelma louise,agarwal,./data/agarwal2015_screenplays/pass/51e2fe98144cce5b901a95f5_Thelma_Louise.txt,103074,
there s something about mary,agarwal,./data/agarwal2015_screenplays/pass/51e2fe98144cce5b901a95f6_There_s_Something_About_Mary.txt,129387,
thirteen days,agarwal,./data/agarwal2015_screenplays/pass/51e2fe98144cce5b901a95f9_Thirteen_Days.txt,146309,
thunderheart,agarwal,./data/agarwal2015_screenplays/pass/51e2fe98144cce5b901a95fa_Thunderheart.txt,105585,
twin peaks  fire walk with me,agarwal,./data/agarwal2015_screenplays/pass/51e2fe98144cce5b901a95fe_Twin_Peaks__Fire_Walk_With_Me.txt,105665,
unbreakable,agarwal,./data/agarwal2015_screenplays/pass/51e2fe98144cce5b901a95ff_Unbreakable.txt,217869,
under fire,agarwal,./data/agarwal2015_screenplays/pass/51e2fe98144cce5b901a9600_Under_Fire.txt,86510,
the usual suspects,agarwal,./data/agarwal2015_screenplays/pass/51e2fe98144cce5b901a9602_The_Usual_Suspects.txt,114814,
the verdict,agarwal,./data/agarwal2015_screenplays/pass/51e2fe98144cce5b901a9603_The_Verdict.txt,84855,
what about bob ,agarwal,./data/agarwal2015_screenplays/pass/51e2fe98144cce5b901a9608_What_About_Bob_.txt,827813,
what lies beneath,agarwal,./data/agarwal2015_screenplays/pass/51e2fe98144cce5b901a9609_What_Lies_Beneath.txt,161081,
wild at heart,agarwal,./data/agarwal2015_screenplays/pass/51e2fe98144cce5b901a960c_Wild_at_Heart.txt,100935,
the wild one,agarwal,./data/agarwal2015_screenplays/pass/51e2fe98144cce5b901a960d_The_Wild_One.txt,47677,
wild things,agarwal,./data/agarwal2015_screenplays/pass/51e2fe98144cce5b901a960e_Wild_Things.txt,120890,
witness,agarwal,./data/agarwal2015_screenplays/pass/51e2fe98144cce5b901a960f_Witness.txt,90329,
the x files,agarwal,./data/agarwal2015_screenplays/pass/51e2fe98144cce5b901a9612_The_X_Files.txt,120902,
10 things i hate about you,agarwal,./data/agarwal2015_screenplays/pass/51e2fe98144cce5b901a9617_10_Things_I_Hate_About_You.txt,147800,
1492 conquest of paradise,agarwal,./data/agarwal2015_screenplays/pass/51e2fe98144cce5b901a9618_1492_Conquest_of_Paradise.txt,103594,
15 minutes,agarwal,./data/agarwal2015_screenplays/pass/51e2fe98144cce5b901a9619_15_Minutes.txt,179626,
48 hrs ,agarwal,./data/agarwal2015_screenplays/pass/51e2fe98144cce5b901a961b_48_Hrs_.txt,83511,
lord of war,agarwal,./data/agarwal2015_screenplays/pass/51e301ba1f7f8ee49901b6f0_Lord_of_War.txt,399295,
blade ii,agarwal,./data/agarwal2015_screenplays/pass/51e301ba1f7f8ee49901b801_Blade_II.txt,187738,
jay and silent bob strike back,agarwal,./data/agarwal2015_screenplays/pass/51e301bb1f7f8ee49901b875_Jay_and_Silent_Bob_Strike_Back.txt,261392,
apt pupil,agarwal,./data/agarwal2015_screenplays/pass/51e301bb1f7f8ee49901b93d_Apt_Pupil.txt,118636,
godzilla,agarwal,./data/agarwal2015_screenplays/pass/51e301bb1f7f8ee49901b94f_Godzilla.txt,831387,
sphere,agarwal,./data/agarwal2015_screenplays/pass/51e301bb1f7f8ee49901b976_Sphere.txt,120184,
bound,agarwal,./data/agarwal2015_screenplays/pass/51e301bc1f7f8ee49901b9c6_Bound.txt,115736,
true lies,agarwal,./data/agarwal2015_screenplays/pass/51e301bc1f7f8ee49901ba77_True_Lies.txt,111503,
cliffhanger,agarwal,./data/agarwal2015_screenplays/pass/51e301bc1f7f8ee49901ba7f_Cliffhanger.txt,106582,
the haunting,agarwal,./data/agarwal2015_screenplays/pass/51e301bf1f7f8ee49901bd81_The_Haunting.txt,171363,
the ladykillers,agarwal,./data/agarwal2015_screenplays/pass/51e301bf1f7f8ee49901be0d_The_Ladykillers.txt,335245,
,agarwal,./data/agarwal2015_screenplays/pass/bow.txt,,3
,agarwal,./data/agarwal2015_screenplays/pass/properties.txt,,3
,agarwal,./data/agarwal2015_screenplays/pass/test.screen,,3
