12 and holding,gorinski,./data/gorinski/dev/12 and Holding/script_clean.txt,417385,3
30 minutes or less,gorinski,./data/gorinski/dev/30 Minutes or Less/script_clean.txt,1622547,1
a night at the roxbury,gorinski,./data/gorinski/dev/A Night at the Roxbury/script_clean.txt,120770,
a nightmare on elm street 3_ dream warriors,gorinski,./data/gorinski/dev/A Nightmare on Elm Street 3_ Dream Warriors/script_clean.txt,93629,3
agnes of god,gorinski,./data/gorinski/dev/Agnes of God (film)/script_clean.txt,88683,3
alien nation,gorinski,./data/gorinski/dev/Alien Nation (film)/script_clean.txt,94631,1
angel eyes,gorinski,./data/gorinski/dev/Angel Eyes (film)/script_clean.txt,225071,
apocalypse now,gorinski,./data/gorinski/dev/Apocalypse Now/script_clean.txt,78788,0
apt pupil,gorinski,./data/gorinski/dev/Apt Pupil (film)/script_clean.txt,118636,1
arbitrage,gorinski,./data/gorinski/dev/Arbitrage (film)/script_clean.txt,1764183,2
army of darkness,gorinski,./data/gorinski/dev/Army of Darkness/script_clean.txt,106308,2
assassins,gorinski,./data/gorinski/dev/Assassins (film)/script_clean.txt,112401,1
avatar,gorinski,./data/gorinski/dev/Avatar (2009 film)/script_clean.txt,499549,2
bamboozled,gorinski,./data/gorinski/dev/Bamboozled/script_clean.txt,215545,1
barry lyndon,gorinski,./data/gorinski/dev/Barry Lyndon/script_clean.txt,72684,1
barton fink,gorinski,./data/gorinski/dev/Barton Fink/script_clean.txt,101410,1
basic,gorinski,./data/gorinski/dev/Basic (film)/script_clean.txt,264395,3
basquiat,gorinski,./data/gorinski/dev/Basquiat (film)/script_clean.txt,115632,2
batman begins,gorinski,./data/gorinski/dev/Batman Begins/script_clean.txt,372784,1
batman returns,gorinski,./data/gorinski/dev/Batman Returns/script_clean.txt,103776,0
beloved,gorinski,./data/gorinski/dev/Beloved (film)/script_clean.txt,120603,3
benny _ joon,gorinski,./data/gorinski/dev/Benny _ Joon/script_clean.txt,106387,1
blade,gorinski,./data/gorinski/dev/Blade (film)/script_clean.txt,120611,1
blade_ trinity,gorinski,./data/gorinski/dev/Blade_ Trinity/script_clean.txt,359013,3
blast from the past,gorinski,./data/gorinski/dev/Blast from the Past (film)/script_clean.txt,124298,3
blue velvet,gorinski,./data/gorinski/dev/Blue Velvet (film)/script_clean.txt,90756,1
"bodies, rest _ motion",gorinski,"./data/gorinski/dev/Bodies, Rest _ Motion/script_clean.txt",106447,
bound,gorinski,./data/gorinski/dev/Bound (film)/script_clean.txt,115736,3
brick,gorinski,./data/gorinski/dev/Brick (film)/script_clean.txt,393109,1
bringing out the dead,gorinski,./data/gorinski/dev/Bringing Out the Dead/script_clean.txt,163988,
buffy the vampire slayer,gorinski,./data/gorinski/dev/Buffy the Vampire Slayer (film)/script_clean.txt,103893,3
burning annie,gorinski,./data/gorinski/dev/Burning Annie/script_clean.txt,307879,
cars 2,gorinski,./data/gorinski/dev/Cars 2/script_clean.txt,1216475,2
charade,gorinski,./data/gorinski/dev/Charade (1963 film)/script_clean.txt,56923,2
cherry falls,gorinski,./data/gorinski/dev/Cherry Falls/script_clean.txt,175526,3
cinema paradiso,gorinski,./data/gorinski/dev/Cinema Paradiso/script_clean.txt,95765,1
citizen kane,gorinski,./data/gorinski/dev/Citizen Kane/script_clean.txt,33467,1
city of joy,gorinski,./data/gorinski/dev/City of Joy (film)/script_clean.txt,103976,
clue,gorinski,./data/gorinski/dev/Clue (film)/script_clean.txt,88930,3
colombiana,gorinski,./data/gorinski/dev/Colombiana/script_clean.txt,1657507,1
conan the barbarian,gorinski,./data/gorinski/dev/Conan the Barbarian (2011 film)/script_clean.txt,816462,3
constantine,gorinski,./data/gorinski/dev/Constantine (film)/script_clean.txt,360486,1
cool hand luke,gorinski,./data/gorinski/dev/Cool Hand Luke/script_clean.txt,61512,1
crime spree,gorinski,./data/gorinski/dev/Crime Spree/script_clean.txt,310924,
detroit rock city,gorinski,./data/gorinski/dev/Detroit Rock City (film)/script_clean.txt,165710,
die hard,gorinski,./data/gorinski/dev/Die Hard/script_clean.txt,95016,3
domino,gorinski,./data/gorinski/dev/Domino (film)/script_clean.txt,421054,3
drive,gorinski,./data/gorinski/dev/Drive (2011 film)/script_clean.txt,780504,3
ed wood,gorinski,./data/gorinski/dev/Ed Wood (film)/script_clean.txt,109707,3
eight legged freaks,gorinski,./data/gorinski/dev/Eight Legged Freaks/script_clean.txt,271367,
event horizon,gorinski,./data/gorinski/dev/Event Horizon (film)/script_clean.txt,119081,3
fear and loathing in las vegas,gorinski,./data/gorinski/dev/Fear and Loathing in Las Vegas (film)/script_clean.txt,120669,1
final destination,gorinski,./data/gorinski/dev/Final Destination (film)/script_clean.txt,195714,1
final destination 2,gorinski,./data/gorinski/dev/Final Destination 2/script_clean.txt,309593,3
flightplan,gorinski,./data/gorinski/dev/Flightplan/script_clean.txt,408790,3
friday the 13th,gorinski,./data/gorinski/dev/Friday the 13th (1980 film)/script_clean.txt,80761,3
friday the 13th part vi_ jason lives,gorinski,./data/gorinski/dev/Friday the 13th Part VI_ Jason Lives/script_clean.txt,91080,
from here to eternity,gorinski,./data/gorinski/dev/From Here to Eternity/script_clean.txt,45793,3
funny people,gorinski,./data/gorinski/dev/Funny People/script_clean.txt,1201167,1
game 6,gorinski,./data/gorinski/dev/Game 6/script_clean.txt,425055,
gang related,gorinski,./data/gorinski/dev/Gang Related/script_clean.txt,118900,
get carter,gorinski,./data/gorinski/dev/Get Carter/script_clean.txt,67128,1
goodfellas,gorinski,./data/gorinski/dev/Goodfellas/script_clean.txt,99685,3
hackers,gorinski,./data/gorinski/dev/Hackers (film)/script_clean.txt,113243,2
halloween_ the curse of michael myers,gorinski,./data/gorinski/dev/Halloween_ The Curse of Michael Myers/script_clean.txt,113253,
harold and maude,gorinski,./data/gorinski/dev/Harold and Maude/script_clean.txt,67185,3
henry fool,gorinski,./data/gorinski/dev/Henry Fool/script_clean.txt,122529,
hope and glory,gorinski,./data/gorinski/dev/Hope and Glory (film)/script_clean.txt,93209,3
house of 1000 corpses,gorinski,./data/gorinski/dev/House of 1000 Corpses/script_clean.txt,251736,3
in the loop,gorinski,./data/gorinski/dev/In the Loop (film)/script_clean.txt,1226774,3
indiana jones and the last crusade,gorinski,./data/gorinski/dev/Indiana Jones and the Last Crusade/script_clean.txt,97576,0
invictus,gorinski,./data/gorinski/dev/Invictus (film)/script_clean.txt,1057500,1
its complicated,gorinski,./data/gorinski/dev/Its Complicated (film)/script_clean.txt,2549730,
jaws 2,gorinski,./data/gorinski/dev/Jaws 2/script_clean.txt,77766,2
jaws 3-d,gorinski,./data/gorinski/dev/Jaws 3-D/script_clean.txt,85750,3
juno,gorinski,./data/gorinski/dev/Juno (film)/script_clean.txt,467406,3
jurassic park iii,gorinski,./data/gorinski/dev/Jurassic Park III/script_clean.txt,163025,2
kalifornia,gorinski,./data/gorinski/dev/Kalifornia/script_clean.txt,107302,
kids,gorinski,./data/gorinski/dev/Kids (film)/script_clean.txt,113540,3
killing zoe,gorinski,./data/gorinski/dev/Killing Zoe/script_clean.txt,110265,
klute,gorinski,./data/gorinski/dev/Klute/script_clean.txt,67309,3
l.a. confidential,gorinski,./data/gorinski/dev/L.A. Confidential (film)/script_clean.txt,119488,1
last chance harvey,gorinski,./data/gorinski/dev/Last Chance Harvey/script_clean.txt,1046947,3
leviathan,gorinski,./data/gorinski/dev/Leviathan (1989 film)/script_clean.txt,97737,3
lone star,gorinski,./data/gorinski/dev/Lone Star (1996 film)/script_clean.txt,116905,2
lord of war,gorinski,./data/gorinski/dev/Lord of War/script_clean.txt,399295,2
lost highway,gorinski,./data/gorinski/dev/Lost Highway (film)/script_clean.txt,116922,1
machine gun preacher,gorinski,./data/gorinski/dev/Machine Gun Preacher/script_clean.txt,1586752,
made for each other,gorinski,./data/gorinski/dev/Made for Each Other (1939 film)/script_clean.txt,31602,
magnolia,gorinski,./data/gorinski/dev/Magnolia (film)/script_clean.txt,175880,1
man trouble,gorinski,./data/gorinski/dev/Man Trouble/script_clean.txt,104804,
man on the moon,gorinski,./data/gorinski/dev/Man on the Moon (film)/script_clean.txt,125664,1
metro,gorinski,./data/gorinski/dev/Metro (1997 film)/script_clean.txt,90095,
miami vice,gorinski,./data/gorinski/dev/Miami Vice (film)/script_clean.txt,430357,
mission to mars,gorinski,./data/gorinski/dev/Mission to Mars/script_clean.txt,183523,1
monkeybone,gorinski,./data/gorinski/dev/Monkeybone/script_clean.txt,166276,3
moon,gorinski,./data/gorinski/dev/Moon (film)/script_clean.txt,1182345,1
mumford,gorinski,./data/gorinski/dev/Mumford (film)/script_clean.txt,140397,
nick of time,gorinski,./data/gorinski/dev/Nick of Time (film)/script_clean.txt,113972,3
oceans eleven,gorinski,./data/gorinski/dev/Oceans Eleven/script_clean.txt,240772,1
one eight seven,gorinski,./data/gorinski/dev/One Eight Seven/script_clean.txt,118531,
orgy of the dead,gorinski,./data/gorinski/dev/Orgy of the Dead/script_clean.txt,54240,
panic room,gorinski,./data/gorinski/dev/Panic Room/script_clean.txt,258000,3
philadelphia,gorinski,./data/gorinski/dev/Philadelphia (film)/script_clean.txt,107818,2
pitch black,gorinski,./data/gorinski/dev/Pitch Black (film)/script_clean.txt,134847,3
pleasantville,gorinski,./data/gorinski/dev/Pleasantville (film)/script_clean.txt,120789,3
pretty woman,gorinski,./data/gorinski/dev/Pretty Woman/script_clean.txt,100405,3
punch-drunk love,gorinski,./data/gorinski/dev/Punch-Drunk Love/script_clean.txt,272338,1
rambo_ first blood part ii,gorinski,./data/gorinski/dev/Rambo_ First Blood Part II/script_clean.txt,89880,0
real genius,gorinski,./data/gorinski/dev/Real Genius/script_clean.txt,89886,1
reindeer games,gorinski,./data/gorinski/dev/Reindeer Games/script_clean.txt,184858,
requiem for a dream,gorinski,./data/gorinski/dev/Requiem for a Dream/script_clean.txt,180093,3
reservoir dogs,gorinski,./data/gorinski/dev/Reservoir Dogs/script_clean.txt,105236,0
ring,gorinski,./data/gorinski/dev/Ring (film)/script_clean.txt,4287320,3
rocky,gorinski,./data/gorinski/dev/Rocky/script_clean.txt,75148,1
scream,gorinski,./data/gorinski/dev/Scream (1996 film)/script_clean.txt,117571,3
seven,gorinski,./data/gorinski/dev/Seven (film)/script_clean.txt,114369,1
"sex, lies, and videotape",gorinski,"./data/gorinski/dev/Sex, Lies, and Videotape/script_clean.txt",98724,2
shock treatment,gorinski,./data/gorinski/dev/Shock Treatment/script_clean.txt,542053,
shrek,gorinski,./data/gorinski/dev/Shrek/script_clean.txt,126029,1
silverado,gorinski,./data/gorinski/dev/Silverado (film)/script_clean.txt,90022,
simone,gorinski,./data/gorinski/dev/Simone (2002 film)/script_clean.txt,258153,3
sleepless in seattle,gorinski,./data/gorinski/dev/Sleepless in Seattle/script_clean.txt,108160,2
slither,gorinski,./data/gorinski/dev/Slither (2006 film)/script_clean.txt,439815,3
slumdog millionaire,gorinski,./data/gorinski/dev/Slumdog Millionaire/script_clean.txt,1010048,1
smokey and the bandit,gorinski,./data/gorinski/dev/Smokey and the Bandit/script_clean.txt,76729,
soldier,gorinski,./data/gorinski/dev/Soldier (1998 American film)/script_clean.txt,120157,
"south park_ bigger, longer _ uncut",gorinski,"./data/gorinski/dev/South Park_ Bigger, Longer _ Uncut/script_clean.txt",158983,3
spartan,gorinski,./data/gorinski/dev/Spartan (film)/script_clean.txt,360009,
stalag 17,gorinski,./data/gorinski/dev/Stalag 17/script_clean.txt,46359,0
star trek_ nemesis,gorinski,./data/gorinski/dev/Star Trek_ Nemesis/script_clean.txt,253754,1
star wars episode ii_ attack of the clones,gorinski,./data/gorinski/dev/Star Wars Episode II_ Attack of the Clones/script_clean.txt,121765,3
star wars episode i_ the phantom menace,gorinski,./data/gorinski/dev/Star Wars Episode I_ The Phantom Menace/script_clean.txt,120915,3
state and main,gorinski,./data/gorinski/dev/State and Main/script_clean.txt,120202,
stepmom,gorinski,./data/gorinski/dev/Stepmom (film)/script_clean.txt,120686,3
sugar,gorinski,./data/gorinski/dev/Sugar (2008 film)/script_clean.txt,990413,
sugar _ spice,gorinski,./data/gorinski/dev/Sugar _ Spice/script_clean.txt,186589,
sunshine cleaning,gorinski,./data/gorinski/dev/Sunshine Cleaning/script_clean.txt,862846,3
terminator salvation,gorinski,./data/gorinski/dev/Terminator Salvation/script_clean.txt,438488,2
the adventures of buckaroo banzai across the 8th dimension,gorinski,./data/gorinski/dev/The Adventures of Buckaroo Banzai Across the 8th Dimension/script_clean.txt,86856,3
the assignment,gorinski,./data/gorinski/dev/The Assignment (1997 film)/script_clean.txt,118647,
the back-up plan,gorinski,./data/gorinski/dev/The Back-up Plan/script_clean.txt,1212436,3
the battle of algiers,gorinski,./data/gorinski/dev/The Battle of Algiers/script_clean.txt,58946,1
the body snatcher,gorinski,./data/gorinski/dev/The Body Snatcher (film)/script_clean.txt,37549,
the breakfast club,gorinski,./data/gorinski/dev/The Breakfast Club/script_clean.txt,7697344,
the butterfly effect,gorinski,./data/gorinski/dev/The Butterfly Effect/script_clean.txt,289879,2
the corruptor,gorinski,./data/gorinski/dev/The Corruptor/script_clean.txt,142192,
the crying game,gorinski,./data/gorinski/dev/The Crying Game/script_clean.txt,104036,2
the curious case of benjamin button,gorinski,./data/gorinski/dev/The Curious Case of Benjamin Button (film)/script_clean.txt,421715,3
the debt,gorinski,./data/gorinski/dev/The Debt (2011 film)/script_clean.txt,1226753,3
the descendants,gorinski,./data/gorinski/dev/The Descendants/script_clean.txt,1033575,3
the empire strikes back,gorinski,./data/gorinski/dev/The Empire Strikes Back/script_clean.txt,80684,0
the family man,gorinski,./data/gorinski/dev/The Family Man/script_clean.txt,218967,
the goonies,gorinski,./data/gorinski/dev/The Goonies/script_clean.txt,89218,3
the hebrew hammer,gorinski,./data/gorinski/dev/The Hebrew Hammer/script_clean.txt,317640,
the hustler,gorinski,./data/gorinski/dev/The Hustler (film)/script_clean.txt,54997,0
the ice storm,gorinski,./data/gorinski/dev/The Ice Storm (film)/script_clean.txt,119349,
the insider,gorinski,./data/gorinski/dev/The Insider (film)/script_clean.txt,140352,
the jacket,gorinski,./data/gorinski/dev/The Jacket/script_clean.txt,366627,2
the kids are all right,gorinski,./data/gorinski/dev/The Kids Are All Right (film)/script_clean.txt,842926,3
the ladykillers,gorinski,./data/gorinski/dev/The Ladykillers (2004 film)/script_clean.txt,335245,
the last boy scout,gorinski,./data/gorinski/dev/The Last Boy Scout/script_clean.txt,102266,3
the last samurai,gorinski,./data/gorinski/dev/The Last Samurai/script_clean.txt,325710,0
the last temptation of christ,gorinski,./data/gorinski/dev/The Last Temptation of Christ (film)/script_clean.txt,95497,2
the leopard man,gorinski,./data/gorinski/dev/The Leopard Man/script_clean.txt,36104,
the limey,gorinski,./data/gorinski/dev/The Limey/script_clean.txt,165854,
the long kiss goodnight,gorinski,./data/gorinski/dev/The Long Kiss Goodnight/script_clean.txt,116908,3
the losers,gorinski,./data/gorinski/dev/The Losers (film)/script_clean.txt,480255,1
the mummy,gorinski,./data/gorinski/dev/The Mummy (1999 film)/script_clean.txt,120616,1
the next three days,gorinski,./data/gorinski/dev/The Next Three Days/script_clean.txt,1458175,3
the private life of sherlock holmes,gorinski,./data/gorinski/dev/The Private Life of Sherlock Holmes/script_clean.txt,66249,
the salton sea,gorinski,./data/gorinski/dev/The Salton Sea/script_clean.txt,235737,
the sandlot,gorinski,./data/gorinski/dev/The Sandlot/script_clean.txt,108037,0
the searchers,gorinski,./data/gorinski/dev/The Searchers (film)/script_clean.txt,49730,3
the shining,gorinski,./data/gorinski/dev/The Shining (film)/script_clean.txt,81505,2
the shipping news,gorinski,./data/gorinski/dev/The Shipping News (film)/script_clean.txt,120824,
the sting,gorinski,./data/gorinski/dev/The Sting/script_clean.txt,70735,1
the talented mr. ripley,gorinski,./data/gorinski/dev/The Talented Mr. Ripley (film)/script_clean.txt,134119,3
the thing,gorinski,./data/gorinski/dev/The Thing (1982 film)/script_clean.txt,84787,0
the time machine,gorinski,./data/gorinski/dev/The Time Machine (2002 film)/script_clean.txt,268695,
the verdict,gorinski,./data/gorinski/dev/The Verdict/script_clean.txt,84855,1
the visitor,gorinski,./data/gorinski/dev/The Visitor (2007 drama film)/script_clean.txt,857191,3
the world is not enough,gorinski,./data/gorinski/dev/The World Is Not Enough/script_clean.txt,143145,2
three men and a baby,gorinski,./data/gorinski/dev/Three Men and a Baby/script_clean.txt,94137,1
tinker tailor soldier spy,gorinski,./data/gorinski/dev/Tinker Tailor Soldier Spy (film)/script_clean.txt,1340800,1
tomorrow never dies,gorinski,./data/gorinski/dev/Tomorrow Never Dies/script_clean.txt,120347,
top gun,gorinski,./data/gorinski/dev/Top Gun/script_clean.txt,92099,2
total recall,gorinski,./data/gorinski/dev/Total Recall (1990 film)/script_clean.txt,100802,1
traffic,gorinski,./data/gorinski/dev/Traffic (2000 film)/script_clean.txt,181865,3
true lies,gorinski,./data/gorinski/dev/True Lies/script_clean.txt,111503,3
twin peaks_ fire walk with me,gorinski,./data/gorinski/dev/Twin Peaks_ Fire Walk with Me/script_clean.txt,105665,3
twins,gorinski,./data/gorinski/dev/Twins (1988 film)/script_clean.txt,96320,3
unforgiven,gorinski,./data/gorinski/dev/Unforgiven/script_clean.txt,105695,3
up,gorinski,./data/gorinski/dev/Up (2009 film)/script_clean.txt,1049413,1
vertigo,gorinski,./data/gorinski/dev/Vertigo (film)/script_clean.txt,52357,1
very bad things,gorinski,./data/gorinski/dev/Very Bad Things/script_clean.txt,124198,
we own the night,gorinski,./data/gorinski/dev/We Own the Night (film)/script_clean.txt,498399,0
win win,gorinski,./data/gorinski/dev/Win Win (film)/script_clean.txt,1606392,3
young frankenstein,gorinski,./data/gorinski/dev/Young Frankenstein/script_clean.txt,72431,2
zerophilia,gorinski,./data/gorinski/dev/Zerophilia/script_clean.txt,421090,
12 monkeys,gorinski,./data/gorinski/test/12 Monkeys/script_clean.txt,114746,1
a nightmare on elm street 5_ the dream child,gorinski,./data/gorinski/test/A Nightmare on Elm Street 5_ The Dream Child/script_clean.txt,97981,3
a nightmare on elm street,gorinski,./data/gorinski/test/A Nightmare on Elm Street/script_clean.txt,87800,3
above the law,gorinski,./data/gorinski/test/Above the Law (film)/script_clean.txt,94602,
after.life,gorinski,./data/gorinski/test/After.Life/script_clean.txt,838247,1
ali,gorinski,./data/gorinski/test/Ali (film)/script_clean.txt,248667,
american shaolin,gorinski,./data/gorinski/test/American Shaolin/script_clean.txt,101327,
an american werewolf in london,gorinski,./data/gorinski/test/An American Werewolf in London/script_clean.txt,82010,2
anonymous,gorinski,./data/gorinski/test/Anonymous (film)/script_clean.txt,1521197,
autumn in new york,gorinski,./data/gorinski/test/Autumn in New York (film)/script_clean.txt,174480,1
bachelor party,gorinski,./data/gorinski/test/Bachelor Party (1984 film)/script_clean.txt,86927,3
bad lieutenant,gorinski,./data/gorinski/test/Bad Lieutenant/script_clean.txt,103759,
beavis and butt-head do america,gorinski,./data/gorinski/test/Beavis and Butt-head Do America/script_clean.txt,115641,1
being human,gorinski,./data/gorinski/test/Being Human (film)/script_clean.txt,106379,
being there,gorinski,./data/gorinski/test/Being There/script_clean.txt,78841,2
below,gorinski,./data/gorinski/test/Below (film)/script_clean.txt,276816,0
blood simple,gorinski,./data/gorinski/test/Blood Simple/script_clean.txt,86979,1
boiler room,gorinski,./data/gorinski/test/Boiler Room (film)/script_clean.txt,181984,1
burn after reading,gorinski,./data/gorinski/test/Burn After Reading/script_clean.txt,887883,1
case 39,gorinski,./data/gorinski/test/Case 39/script_clean.txt,795351,3
charlies angels,gorinski,./data/gorinski/test/Charlies Angels (film)/script_clean.txt,160127,3
copycat,gorinski,./data/gorinski/test/Copycat (film)/script_clean.txt,112722,3
croupier,gorinski,./data/gorinski/test/Croupier (film)/script_clean.txt,159382,
cruel intentions,gorinski,./data/gorinski/test/Cruel Intentions/script_clean.txt,139134,3
do the right thing,gorinski,./data/gorinski/test/Do the Right Thing/script_clean.txt,97216,2
dog day afternoon,gorinski,./data/gorinski/test/Dog Day Afternoon/script_clean.txt,72890,3
duck soup,gorinski,./data/gorinski/test/Duck Soup (1933 film)/script_clean.txt,23969,1
dune,gorinski,./data/gorinski/test/Dune (film)/script_clean.txt,87182,3
fantastic voyage,gorinski,./data/gorinski/test/Fantastic Voyage/script_clean.txt,60397,0
fargo,gorinski,./data/gorinski/test/Fargo (film)/script_clean.txt,29752,
freddys dead_ the final nightmare,gorinski,./data/gorinski/test/Freddys Dead_ The Final Nightmare/script_clean.txt,101917,2
gamer,gorinski,./data/gorinski/test/Gamer (film)/script_clean.txt,1034032,1
gandhi,gorinski,./data/gorinski/test/Gandhi (film)/script_clean.txt,83987,
gladiator,gorinski,./data/gorinski/test/Gladiator (2000 film)/script_clean.txt,172495,0
hardcore,gorinski,./data/gorinski/test/Hardcore (1979 film)/script_clean.txt,79271,
harold _ kumar go to white castle,gorinski,./data/gorinski/test/Harold _ Kumar Go to White Castle/script_clean.txt,366551,3
heat,gorinski,./data/gorinski/test/Heat (1995 film)/script_clean.txt,113277,2
hellbound_ hellraiser ii,gorinski,./data/gorinski/test/Hellbound_ Hellraiser II/script_clean.txt,95294,1
hellraiser_ hellseeker,gorinski,./data/gorinski/test/Hellraiser_ Hellseeker/script_clean.txt,274546,
his girl friday,gorinski,./data/gorinski/test/His Girl Friday/script_clean.txt,32599,3
indiana jones and the kingdom of the crystal skull,gorinski,./data/gorinski/test/Indiana Jones and the Kingdom of the Crystal Skull/script_clean.txt,367882,1
interview with the vampire_ the vampire chronicles,gorinski,./data/gorinski/test/Interview with the Vampire_ The Vampire Chronicles/script_clean.txt,110148,1
into the wild,gorinski,./data/gorinski/test/Into the Wild (film)/script_clean.txt,758758,1
isle of the dead,gorinski,./data/gorinski/test/Isle of the Dead (film)/script_clean.txt,37820,3
jennifer 8,gorinski,./data/gorinski/test/Jennifer 8/script_clean.txt,104549,
lara croft_ tomb raider,gorinski,./data/gorinski/test/Lara Croft_ Tomb Raider/script_clean.txt,146316,0
larry crowne,gorinski,./data/gorinski/test/Larry Crowne/script_clean.txt,1583420,
mash,gorinski,./data/gorinski/test/MASH (film)/script_clean.txt,68098,
midnight express,gorinski,./data/gorinski/test/Midnight Express (film)/script_clean.txt,77928,0
midnight run,gorinski,./data/gorinski/test/Midnight Run/script_clean.txt,95631,2
midnight in paris,gorinski,./data/gorinski/test/Midnight in Paris/script_clean.txt,1605783,3
mobsters,gorinski,./data/gorinski/test/Mobsters/script_clean.txt,102460,
mr. brooks,gorinski,./data/gorinski/test/Mr. Brooks/script_clean.txt,780571,
natural born killers,gorinski,./data/gorinski/test/Natural Born Killers/script_clean.txt,110632,3
next,gorinski,./data/gorinski/test/Next (2007 film)/script_clean.txt,435705,2
pineapple express,gorinski,./data/gorinski/test/Pineapple Express (film)/script_clean.txt,910936,2
quills,gorinski,./data/gorinski/test/Quills/script_clean.txt,180073,
rabid,gorinski,./data/gorinski/test/Rabid/script_clean.txt,76590,
revolutionary road,gorinski,./data/gorinski/test/Revolutionary Road (film)/script_clean.txt,959337,3
shakespeare in love,gorinski,./data/gorinski/test/Shakespeare in Love/script_clean.txt,138097,3
sideways,gorinski,./data/gorinski/test/Sideways/script_clean.txt,375063,3
smashed,gorinski,./data/gorinski/test/Smashed (film)/script_clean.txt,2063781,3
so i married an axe murderer,gorinski,./data/gorinski/test/So I Married an Axe Murderer/script_clean.txt,108174,
star trek generations,gorinski,./data/gorinski/test/Star Trek Generations/script_clean.txt,111280,3
supergirl,gorinski,./data/gorinski/test/Supergirl (film)/script_clean.txt,88206,3
superman iii,gorinski,./data/gorinski/test/Superman III/script_clean.txt,86393,3
suspect zero,gorinski,./data/gorinski/test/Suspect Zero/script_clean.txt,324127,
swingers,gorinski,./data/gorinski/test/Swingers (1996 film)/script_clean.txt,117802,2
tall in the saddle,gorinski,./data/gorinski/test/Tall in the Saddle/script_clean.txt,37343,
the american president,gorinski,./data/gorinski/test/The American President/script_clean.txt,112346,3
the anniversary party,gorinski,./data/gorinski/test/The Anniversary Party/script_clean.txt,254099,
the battle of shaker heights,gorinski,./data/gorinski/test/The Battle of Shaker Heights/script_clean.txt,357470,
the boondock saints,gorinski,./data/gorinski/test/The Boondock Saints/script_clean.txt,144117,0
the bourne identity,gorinski,./data/gorinski/test/The Bourne Identity (2002 film)/script_clean.txt,258463,1
the brothers bloom,gorinski,./data/gorinski/test/The Brothers Bloom/script_clean.txt,844286,3
the curse of the cat people,gorinski,./data/gorinski/test/The Curse of the Cat People/script_clean.txt,36733,
the fisher king,gorinski,./data/gorinski/test/The Fisher King/script_clean.txt,101889,3
the fly,gorinski,./data/gorinski/test/The Fly (1986 film)/script_clean.txt,91064,2
the godfather,gorinski,./data/gorinski/test/The Godfather/script_clean.txt,68646,2
the haunting,gorinski,./data/gorinski/test/The Haunting (1999 film)/script_clean.txt,171363,3
the imaginarium of doctor parnassus,gorinski,./data/gorinski/test/The Imaginarium of Doctor Parnassus/script_clean.txt,1054606,1
the invention of lying,gorinski,./data/gorinski/test/The Invention of Lying/script_clean.txt,1058017,2
the man who knew too much,gorinski,./data/gorinski/test/The Man Who Knew Too Much (1956 film)/script_clean.txt,49470,2
the producers,gorinski,./data/gorinski/test/The Producers (1968 film)/script_clean.txt,395251,
the rocky horror picture show,gorinski,./data/gorinski/test/The Rocky Horror Picture Show/script_clean.txt,73629,3
the sessions,gorinski,./data/gorinski/test/The Sessions (film)/script_clean.txt,1866249,2
the sweet hereafter,gorinski,./data/gorinski/test/The Sweet Hereafter (film)/script_clean.txt,120255,
the ugly truth,gorinski,./data/gorinski/test/The Ugly Truth/script_clean.txt,1142988,2
the wedding date,gorinski,./data/gorinski/test/The Wedding Date/script_clean.txt,372532,3
thelma _ louise,gorinski,./data/gorinski/test/Thelma _ Louise/script_clean.txt,103074,3
timber falls,gorinski,./data/gorinski/test/Timber Falls/script_clean.txt,857295,
to sleep with anger,gorinski,./data/gorinski/test/To Sleep with Anger/script_clean.txt,100791,
tremors,gorinski,./data/gorinski/test/Tremors (film)/script_clean.txt,100814,3
under fire,gorinski,./data/gorinski/test/Under Fire (film)/script_clean.txt,86510,
up in the air,gorinski,./data/gorinski/test/Up in the Air (2009 film)/script_clean.txt,1193138,2
viridiana,gorinski,./data/gorinski/test/Viridiana/script_clean.txt,55601,
when a stranger calls,gorinski,./data/gorinski/test/When a Stranger Calls (1979 film)/script_clean.txt,80130,
witness,gorinski,./data/gorinski/test/Witness (1985 film)/script_clean.txt,90329,3
x-men origins_ wolverine,gorinski,./data/gorinski/test/X-Men Origins_ Wolverine/script_clean.txt,458525,3
youve got mail,gorinski,./data/gorinski/test/Youve Got Mail/script_clean.txt,128853,3
10 things i hate about you,gorinski,./data/gorinski/train/10 Things I Hate About You/script_clean.txt,147800,3
1492_ conquest of paradise,gorinski,./data/gorinski/train/1492_ Conquest of Paradise/script_clean.txt,103594,
15 minutes,gorinski,./data/gorinski/train/15 Minutes/script_clean.txt,179626,
17 again,gorinski,./data/gorinski/train/17 Again (film)/script_clean.txt,974661,3
2012,gorinski,./data/gorinski/train/2012 (film)/script_clean.txt,1190080,1
48 hrs.,gorinski,./data/gorinski/train/48 Hrs./script_clean.txt,83511,2
50-50,gorinski,./data/gorinski/train/50-50 (2011 film)/script_clean.txt,1306980,2
500 days of summer,gorinski,./data/gorinski/train/500 Days of Summer/script_clean.txt,1022603,1
8mm,gorinski,./data/gorinski/train/8mm (film)/script_clean.txt,134273,1
9,gorinski,./data/gorinski/train/9 (2009 animated film)/script_clean.txt,472033,0
a bucket of blood,gorinski,./data/gorinski/train/A Bucket of Blood (1995 film)/script_clean.txt,112594,
a dry white season,gorinski,./data/gorinski/train/A Dry White Season/script_clean.txt,97243,
a few good men,gorinski,./data/gorinski/train/A Few Good Men/script_clean.txt,104257,1
a hard days night,gorinski,./data/gorinski/train/A Hard Days Night (film)/script_clean.txt,58182,1
a nightmare on elm street 2_ freddys revenge,gorinski,./data/gorinski/train/A Nightmare on Elm Street 2_ Freddys Revenge/script_clean.txt,89686,3
a nightmare on elm street 4_ the dream master,gorinski,./data/gorinski/train/A Nightmare on Elm Street 4_ The Dream Master/script_clean.txt,95742,3
a perfect world,gorinski,./data/gorinski/train/A Perfect World/script_clean.txt,107808,1
a walk to remember,gorinski,./data/gorinski/train/A Walk to Remember/script_clean.txt,281358,3
absolute power,gorinski,./data/gorinski/train/Absolute Power (film)/script_clean.txt,118548,
adaptation,gorinski,./data/gorinski/train/Adaptation (film)/script_clean.txt,268126,3
affliction,gorinski,./data/gorinski/train/Affliction (film)/script_clean.txt,118564,
air force one,gorinski,./data/gorinski/train/Air Force One (film)/script_clean.txt,118571,1
airplane ii_ the sequel,gorinski,./data/gorinski/train/Airplane II_ The Sequel/script_clean.txt,83530,
airplane!,gorinski,./data/gorinski/train/Airplane!/script_clean.txt,80339,3
alien,gorinski,./data/gorinski/train/Alien (film)/script_clean.txt,78748,3
aliens,gorinski,./data/gorinski/train/Aliens (film)/script_clean.txt,90605,3
all about eve,gorinski,./data/gorinski/train/All About Eve/script_clean.txt,42192,3
all the kings men,gorinski,./data/gorinski/train/All the Kings Men (1949 film)/script_clean.txt,405676,1
almost famous,gorinski,./data/gorinski/train/Almost Famous/script_clean.txt,181875,3
alone in the dark,gorinski,./data/gorinski/train/Alone in the Dark (2005 film)/script_clean.txt,369226,
amadeus,gorinski,./data/gorinski/train/Amadeus (film)/script_clean.txt,86879,3
american beauty,gorinski,./data/gorinski/train/American Beauty (film)/script_clean.txt,169547,3
american gangster,gorinski,./data/gorinski/train/American Gangster (film)/script_clean.txt,765429,1
american graffiti,gorinski,./data/gorinski/train/American Graffiti/script_clean.txt,69704,2
american pie,gorinski,./data/gorinski/train/American Pie (film)/script_clean.txt,163651,2
american splendor,gorinski,./data/gorinski/train/American Splendor (film)/script_clean.txt,305206,
amour,gorinski,./data/gorinski/train/Amour (2012 film)/script_clean.txt,1602620,3
an american werewolf in paris,gorinski,./data/gorinski/train/An American Werewolf in Paris/script_clean.txt,118604,1
an education,gorinski,./data/gorinski/train/An Education/script_clean.txt,1174732,3
an officer and a gentleman,gorinski,./data/gorinski/train/An Officer and a Gentleman/script_clean.txt,84434,3
analyze that,gorinski,./data/gorinski/train/Analyze That/script_clean.txt,289848,
analyze this,gorinski,./data/gorinski/train/Analyze This/script_clean.txt,122933,1
anastasia,gorinski,./data/gorinski/train/Anastasia (1997 film)/script_clean.txt,118617,3
angels _ demons,gorinski,./data/gorinski/train/Angels _ Demons (film)/script_clean.txt,808151,0
anna karenina,gorinski,./data/gorinski/train/Anna Karenina (2012 film)/script_clean.txt,1781769,2
annie hall,gorinski,./data/gorinski/train/Annie Hall/script_clean.txt,75686,3
antitrust,gorinski,./data/gorinski/train/Antitrust (film)/script_clean.txt,218817,2
antz,gorinski,./data/gorinski/train/Antz/script_clean.txt,120587,3
apocalypse now redux,gorinski,./data/gorinski/train/Apocalypse Now Redux/script_clean.txt,78788,0
arcade,gorinski,./data/gorinski/train/Arcade (film)/script_clean.txt,106302,
arctic blue,gorinski,./data/gorinski/train/Arctic Blue/script_clean.txt,106303,1
arthur,gorinski,./data/gorinski/train/Arthur (2011 film)/script_clean.txt,1334512,2
as good as it gets,gorinski,./data/gorinski/train/As Good as It Gets/script_clean.txt,119822,3
austin powers_ international man of mystery,gorinski,./data/gorinski/train/Austin Powers_ International Man of Mystery/script_clean.txt,118655,2
austin powers_ the spy who shagged me,gorinski,./data/gorinski/train/Austin Powers_ The Spy Who Shagged Me/script_clean.txt,145660,1
babel,gorinski,./data/gorinski/train/Babel (film)/script_clean.txt,449467,3
backdraft,gorinski,./data/gorinski/train/Backdraft (film)/script_clean.txt,101393,
bad boys,gorinski,./data/gorinski/train/Bad Boys (1995 film)/script_clean.txt,112442,
bad day at black rock,gorinski,./data/gorinski/train/Bad Day at Black Rock/script_clean.txt,47849,
bad dreams,gorinski,./data/gorinski/train/Bad Dreams (film)/script_clean.txt,94701,
bad santa,gorinski,./data/gorinski/train/Bad Santa/script_clean.txt,307987,0
badlands,gorinski,./data/gorinski/train/Badlands (film)/script_clean.txt,69762,0
basic instinct,gorinski,./data/gorinski/train/Basic Instinct/script_clean.txt,103772,1
batman,gorinski,./data/gorinski/train/Batman (1989 film)/script_clean.txt,96895,1
batman _ robin,gorinski,./data/gorinski/train/Batman _ Robin (film)/script_clean.txt,118688,2
bean,gorinski,./data/gorinski/train/Bean (film)/script_clean.txt,118689,
beasts of the southern wild,gorinski,./data/gorinski/train/Beasts of the Southern Wild/script_clean.txt,2125435,3
beetlejuice,gorinski,./data/gorinski/train/Beetlejuice/script_clean.txt,94721,3
beginners,gorinski,./data/gorinski/train/Beginners/script_clean.txt,1532503,1
being john malkovich,gorinski,./data/gorinski/train/Being John Malkovich/script_clean.txt,120601,3
big,gorinski,./data/gorinski/train/Big (film)/script_clean.txt,94737,1
big fish,gorinski,./data/gorinski/train/Big Fish/script_clean.txt,319061,1
birthday girl,gorinski,./data/gorinski/train/Birthday Girl/script_clean.txt,188453,
black rain,gorinski,./data/gorinski/train/Black Rain (1989 American film)/script_clean.txt,96933,
black snake moan,gorinski,./data/gorinski/train/Black Snake Moan (film)/script_clean.txt,462200,
black swan,gorinski,./data/gorinski/train/Black Swan (film)/script_clean.txt,947798,3
blade ii,gorinski,./data/gorinski/train/Blade II/script_clean.txt,187738,1
blade runner,gorinski,./data/gorinski/train/Blade Runner/script_clean.txt,83658,1
blow,gorinski,./data/gorinski/train/Blow (film)/script_clean.txt,221027,1
blue valentine,gorinski,./data/gorinski/train/Blue Valentine (film)/script_clean.txt,1120985,2
body heat,gorinski,./data/gorinski/train/Body Heat/script_clean.txt,82089,2
body of evidence,gorinski,./data/gorinski/train/Body of Evidence (1993 film)/script_clean.txt,1587669,
bones,gorinski,./data/gorinski/train/Bones (2001 film)/script_clean.txt,166110,
bonnie and clyde,gorinski,./data/gorinski/train/Bonnie and Clyde (film)/script_clean.txt,61418,3
boogie nights,gorinski,./data/gorinski/train/Boogie Nights/script_clean.txt,118749,3
book of shadows_ blair witch 2,gorinski,./data/gorinski/train/Book of Shadows_ Blair Witch 2/script_clean.txt,229260,
bottle rocket,gorinski,./data/gorinski/train/Bottle Rocket/script_clean.txt,115734,
brazil,gorinski,./data/gorinski/train/Brazil (1985 film)/script_clean.txt,88846,3
breakdown,gorinski,./data/gorinski/train/Breakdown (film)/script_clean.txt,118771,
broadcast news,gorinski,./data/gorinski/train/Broadcast News (film)/script_clean.txt,92699,3
broken embraces,gorinski,./data/gorinski/train/Broken Embraces/script_clean.txt,913425,3
bull durham,gorinski,./data/gorinski/train/Bull Durham/script_clean.txt,94812,
buried,gorinski,./data/gorinski/train/Buried (film)/script_clean.txt,1462758,1
capote,gorinski,./data/gorinski/train/Capote (film)/script_clean.txt,379725,3
carrie,gorinski,./data/gorinski/train/Carrie (1976 film)/script_clean.txt,74285,3
casablanca,gorinski,./data/gorinski/train/Casablanca (film)/script_clean.txt,34583,1
casino,gorinski,./data/gorinski/train/Casino (film)/script_clean.txt,112641,2
cast away,gorinski,./data/gorinski/train/Cast Away/script_clean.txt,162222,2
cat people,gorinski,./data/gorinski/train/Cat People (1982 film)/script_clean.txt,83722,3
catwoman,gorinski,./data/gorinski/train/Catwoman (film)/script_clean.txt,327554,3
celeste and jesse forever,gorinski,./data/gorinski/train/Celeste and Jesse Forever/script_clean.txt,1405365,3
cellular,gorinski,./data/gorinski/train/Cellular (film)/script_clean.txt,337921,3
changeling,gorinski,./data/gorinski/train/Changeling (film)/script_clean.txt,824747,3
chaos,gorinski,./data/gorinski/train/Chaos (2005 Capitol film)/script_clean.txt,402910,
chasing amy,gorinski,./data/gorinski/train/Chasing Amy/script_clean.txt,118842,3
children of men,gorinski,./data/gorinski/train/Children of Men/script_clean.txt,206634,3
chinatown,gorinski,./data/gorinski/train/Chinatown (1974 film)/script_clean.txt,71315,2
clerks,gorinski,./data/gorinski/train/Clerks/script_clean.txt,109445,1
cliffhanger,gorinski,./data/gorinski/train/Cliffhanger (film)/script_clean.txt,106582,1
cobb,gorinski,./data/gorinski/train/Cobb (film)/script_clean.txt,109450,
code of silence,gorinski,./data/gorinski/train/Code of Silence (film)/script_clean.txt,88936,
cold mountain,gorinski,./data/gorinski/train/Cold Mountain (film)/script_clean.txt,159365,3
collateral,gorinski,./data/gorinski/train/Collateral (film)/script_clean.txt,369339,1
collateral damage,gorinski,./data/gorinski/train/Collateral Damage (film)/script_clean.txt,233469,
confessions of a dangerous mind,gorinski,./data/gorinski/train/Confessions of a Dangerous Mind/script_clean.txt,270288,2
confidence,gorinski,./data/gorinski/train/Confidence (2003 film)/script_clean.txt,310910,
conspiracy theory,gorinski,./data/gorinski/train/Conspiracy Theory (film)/script_clean.txt,118883,2
contact,gorinski,./data/gorinski/train/Contact (1997 film)/script_clean.txt,118884,3
coraline,gorinski,./data/gorinski/train/Coraline (film)/script_clean.txt,327597,3
cradle 2 the grave,gorinski,./data/gorinski/train/Cradle 2 the Grave/script_clean.txt,306685,1
crash,gorinski,./data/gorinski/train/Crash (1996 film)/script_clean.txt,115964,3
"crouching tiger, hidden dragon",gorinski,"./data/gorinski/train/Crouching Tiger, Hidden Dragon/script_clean.txt",190332,3
dances with wolves,gorinski,./data/gorinski/train/Dances with Wolves/script_clean.txt,99348,1
dark city,gorinski,./data/gorinski/train/Dark City (1998 film)/script_clean.txt,118929,1
dark star,gorinski,./data/gorinski/train/Dark Star (film)/script_clean.txt,69945,0
dave,gorinski,./data/gorinski/train/Dave (film)/script_clean.txt,106673,3
day of the dead,gorinski,./data/gorinski/train/Day of the Dead (1985 film)/script_clean.txt,88993,0
dead poets society,gorinski,./data/gorinski/train/Dead Poets Society/script_clean.txt,97165,1
death to smoochy,gorinski,./data/gorinski/train/Death to Smoochy/script_clean.txt,266452,2
deep cover,gorinski,./data/gorinski/train/Deep Cover/script_clean.txt,104073,
deep rising,gorinski,./data/gorinski/train/Deep Rising/script_clean.txt,118956,
demolition man,gorinski,./data/gorinski/train/Demolition Man (film)/script_clean.txt,106697,0
devil in a blue dress,gorinski,./data/gorinski/train/Devil in a Blue Dress (film)/script_clean.txt,112857,1
dexter,gorinski,./data/gorinski/train/Dexter (episode)/script_clean.txt,785280,
disturbia,gorinski,./data/gorinski/train/Disturbia (film)/script_clean.txt,486822,3
donnie darko,gorinski,./data/gorinski/train/Donnie Darko/script_clean.txt,246578,3
double indemnity,gorinski,./data/gorinski/train/Double Indemnity (film)/script_clean.txt,36775,3
dragonslayer,gorinski,./data/gorinski/train/Dragonslayer/script_clean.txt,82288,1
drop dead gorgeous,gorinski,./data/gorinski/train/Drop Dead Gorgeous (film)/script_clean.txt,157503,3
dumb and dumber,gorinski,./data/gorinski/train/Dumb and Dumber/script_clean.txt,109686,2
edtv,gorinski,./data/gorinski/train/EDtv/script_clean.txt,131369,1
eastern promises,gorinski,./data/gorinski/train/Eastern Promises/script_clean.txt,765443,3
easy a,gorinski,./data/gorinski/train/Easy A/script_clean.txt,1282140,3
el mariachi,gorinski,./data/gorinski/train/El Mariachi/script_clean.txt,104815,0
election,gorinski,./data/gorinski/train/Election (1999 film)/script_clean.txt,126886,3
enemy of the state,gorinski,./data/gorinski/train/Enemy of the State (film)/script_clean.txt,120660,1
entrapment,gorinski,./data/gorinski/train/Entrapment (film)/script_clean.txt,137494,
erin brockovich,gorinski,./data/gorinski/train/Erin Brockovich (film)/script_clean.txt,195685,3
escape from l.a.,gorinski,./data/gorinski/train/Escape from L.A./script_clean.txt,116225,1
escape from new york,gorinski,./data/gorinski/train/Escape from New York/script_clean.txt,82340,0
escape from the planet of the apes,gorinski,./data/gorinski/train/Escape from the Planet of the Apes/script_clean.txt,67065,1
eternal sunshine of the spotless mind,gorinski,./data/gorinski/train/Eternal Sunshine of the Spotless Mind/script_clean.txt,338013,2
even cowgirls get the blues,gorinski,./data/gorinski/train/Even Cowgirls Get the Blues (film)/script_clean.txt,106834,3
evil dead ii,gorinski,./data/gorinski/train/Evil Dead II/script_clean.txt,92991,3
excalibur,gorinski,./data/gorinski/train/Excalibur (film)/script_clean.txt,82348,
face-off,gorinski,./data/gorinski/train/Face-Off/script_clean.txt,119094,1
fair game,gorinski,./data/gorinski/train/Fair Game (2010 film)/script_clean.txt,977855,3
fantastic four,gorinski,./data/gorinski/train/Fantastic Four (film)/script_clean.txt,120667,1
fast times at ridgemont high,gorinski,./data/gorinski/train/Fast Times at Ridgemont High/script_clean.txt,83929,2
fatal instinct,gorinski,./data/gorinski/train/Fatal Instinct/script_clean.txt,106873,3
feast,gorinski,./data/gorinski/train/Feast (film)/script_clean.txt,426459,
ferris buellers day off,gorinski,./data/gorinski/train/Ferris Buellers Day Off/script_clean.txt,91042,3
fight club,gorinski,./data/gorinski/train/Fight Club/script_clean.txt,137523,1
five easy pieces,gorinski,./data/gorinski/train/Five Easy Pieces/script_clean.txt,65724,3
flight,gorinski,./data/gorinski/train/Flight (2012 film)/script_clean.txt,1907668,3
forrest gump,gorinski,./data/gorinski/train/Forrest Gump/script_clean.txt,109830,1
four rooms,gorinski,./data/gorinski/train/Four Rooms/script_clean.txt,113101,3
fracture,gorinski,./data/gorinski/train/Fracture (2007 film)/script_clean.txt,488120,1
frances,gorinski,./data/gorinski/train/Frances (film)/script_clean.txt,83967,3
freddy vs. jason,gorinski,./data/gorinski/train/Freddy vs. Jason/script_clean.txt,329101,
frequency,gorinski,./data/gorinski/train/Frequency (film)/script_clean.txt,186151,
friday the 13th part iii,gorinski,./data/gorinski/train/Friday the 13th Part III/script_clean.txt,83972,3
friday the 13th part viii_ jason takes manhattan,gorinski,./data/gorinski/train/Friday the 13th Part VIII_ Jason Takes Manhattan/script_clean.txt,97388,3
from dusk till dawn,gorinski,./data/gorinski/train/From Dusk till Dawn/script_clean.txt,116367,1
frozen river,gorinski,./data/gorinski/train/Frozen River/script_clean.txt,978759,3
g.i. jane,gorinski,./data/gorinski/train/G.I. Jane/script_clean.txt,119173,3
gangs of new york,gorinski,./data/gorinski/train/Gangs of New York/script_clean.txt,217505,1
gattaca,gorinski,./data/gorinski/train/Gattaca/script_clean.txt,119177,1
get shorty,gorinski,./data/gorinski/train/Get Shorty (film)/script_clean.txt,5761496,
ghost,gorinski,./data/gorinski/train/Ghost (1990 film)/script_clean.txt,99653,3
ghost ship,gorinski,./data/gorinski/train/Ghost Ship (2002 film)/script_clean.txt,1187064,3
ghost world,gorinski,./data/gorinski/train/Ghost World (film)/script_clean.txt,162346,3
ghostbusters ii,gorinski,./data/gorinski/train/Ghostbusters II/script_clean.txt,97428,2
ghostbusters,gorinski,./data/gorinski/train/Ghostbusters/script_clean.txt,1289401,3
go,gorinski,./data/gorinski/train/Go (1999 film)/script_clean.txt,139239,3
gods and monsters,gorinski,./data/gorinski/train/Gods and Monsters/script_clean.txt,120684,
godzilla,gorinski,./data/gorinski/train/Godzilla (1998 film)/script_clean.txt,831387,2
gone in 60 seconds,gorinski,./data/gorinski/train/Gone in 60 Seconds (2000 film)/script_clean.txt,187078,1
good will hunting,gorinski,./data/gorinski/train/Good Will Hunting/script_clean.txt,119217,0
gothika,gorinski,./data/gorinski/train/Gothika/script_clean.txt,348836,3
grand hotel,gorinski,./data/gorinski/train/Grand Hotel (film)/script_clean.txt,22958,3
grand theft parsons,gorinski,./data/gorinski/train/Grand Theft Parsons/script_clean.txt,338075,
grosse pointe blank,gorinski,./data/gorinski/train/Grosse Pointe Blank/script_clean.txt,119229,3
halloween,gorinski,./data/gorinski/train/Halloween (1978 film)/script_clean.txt,77651,3
halloween 4_ the return of michael myers,gorinski,./data/gorinski/train/Halloween 4_ The Return of Michael Myers/script_clean.txt,95271,
halloween h20_ 20 years later,gorinski,./data/gorinski/train/Halloween H20_ 20 Years Later/script_clean.txt,120694,3
hannah and her sisters,gorinski,./data/gorinski/train/Hannah and Her Sisters/script_clean.txt,91167,3
hannibal,gorinski,./data/gorinski/train/Hannibal (film)/script_clean.txt,2243973,3
happiness,gorinski,./data/gorinski/train/Happiness (1998 film)/script_clean.txt,147612,3
happy campers,gorinski,./data/gorinski/train/Happy Campers (2001 film)/script_clean.txt,210094,
hard rain,gorinski,./data/gorinski/train/Hard Rain (film)/script_clean.txt,120696,
hard to kill,gorinski,./data/gorinski/train/Hard to Kill/script_clean.txt,99739,
heathers,gorinski,./data/gorinski/train/Heathers/script_clean.txt,97493,3
heavy metal,gorinski,./data/gorinski/train/Heavy Metal (film)/script_clean.txt,82509,1
hellboy,gorinski,./data/gorinski/train/Hellboy (film)/script_clean.txt,167190,1
hellraiser iii_ hell on earth,gorinski,./data/gorinski/train/Hellraiser III_ Hell on Earth/script_clean.txt,104409,3
hellraiser,gorinski,./data/gorinski/train/Hellraiser/script_clean.txt,93177,3
henrys crime,gorinski,./data/gorinski/train/Henrys Crime/script_clean.txt,1220888,
hero,gorinski,./data/gorinski/train/Hero (1992 film)/script_clean.txt,104412,1
hes just not that into you,gorinski,./data/gorinski/train/Hes Just Not That Into You (film)/script_clean.txt,1001508,3
hesher,gorinski,./data/gorinski/train/Hesher (film)/script_clean.txt,1403177,1
hider in the house,gorinski,./data/gorinski/train/Hider in the House (1989 film)/script_clean.txt,97503,
high fidelity,gorinski,./data/gorinski/train/High Fidelity (film)/script_clean.txt,146882,2
highlander,gorinski,./data/gorinski/train/Highlander (film)/script_clean.txt,91203,3
highlander iii_ the sorcerer,gorinski,./data/gorinski/train/Highlander III_ The Sorcerer/script_clean.txt,3980480,
hitchcock,gorinski,./data/gorinski/train/Hitchcock (film)/script_clean.txt,975645,2
hollow man,gorinski,./data/gorinski/train/Hollow Man/script_clean.txt,164052,3
honeydripper,gorinski,./data/gorinski/train/Honeydripper (film)/script_clean.txt,829193,
horrible bosses,gorinski,./data/gorinski/train/Horrible Bosses/script_clean.txt,1499658,3
hostage,gorinski,./data/gorinski/train/Hostage (film)/script_clean.txt,340163,
house on haunted hill,gorinski,./data/gorinski/train/House on Haunted Hill (1999 film)/script_clean.txt,185371,
hudson hawk,gorinski,./data/gorinski/train/Hudson Hawk/script_clean.txt,102070,3
human nature,gorinski,./data/gorinski/train/Human Nature (film)/script_clean.txt,219822,3
i am legend,gorinski,./data/gorinski/train/I Am Legend (film)/script_clean.txt,480249,3
i am sam,gorinski,./data/gorinski/train/I Am Sam/script_clean.txt,277027,3
i know what you did last summer,gorinski,./data/gorinski/train/I Know What You Did Last Summer/script_clean.txt,119345,3
i love you phillip morris,gorinski,./data/gorinski/train/I Love You Phillip Morris/script_clean.txt,1045772,1
i still know what you did last summer,gorinski,./data/gorinski/train/I Still Know What You Did Last Summer/script_clean.txt,130018,3
i walked with a zombie,gorinski,./data/gorinski/train/I Walked with a Zombie/script_clean.txt,36027,3
"i, robot",gorinski,"./data/gorinski/train/I, Robot (film)/script_clean.txt",343818,1
idiocracy,gorinski,./data/gorinski/train/Idiocracy/script_clean.txt,387808,1
ill do anything,gorinski,./data/gorinski/train/Ill Do Anything/script_clean.txt,110097,
independence day,gorinski,./data/gorinski/train/Independence Day (1996 film)/script_clean.txt,116629,3
indiana jones and the temple of doom,gorinski,./data/gorinski/train/Indiana Jones and the Temple of Doom/script_clean.txt,87469,0
innerspace,gorinski,./data/gorinski/train/Innerspace/script_clean.txt,1280152,
insomnia,gorinski,./data/gorinski/train/Insomnia (2002 film)/script_clean.txt,278504,1
intolerable cruelty,gorinski,./data/gorinski/train/Intolerable Cruelty/script_clean.txt,138524,3
invaders from mars,gorinski,./data/gorinski/train/Invaders from Mars (1953 film)/script_clean.txt,91276,
invaders from mars,gorinski,./data/gorinski/train/Invaders from Mars (1986 film)/script_clean.txt,91276,
inventing the abbotts,gorinski,./data/gorinski/train/Inventing the Abbotts/script_clean.txt,119381,
its a wonderful life,gorinski,./data/gorinski/train/Its a Wonderful Life/script_clean.txt,38650,3
jfk,gorinski,./data/gorinski/train/JFK (film)/script_clean.txt,102138,3
jackie brown,gorinski,./data/gorinski/train/Jackie Brown (film)/script_clean.txt,119396,3
jacobs ladder,gorinski,./data/gorinski/train/Jacobs Ladder (film)/script_clean.txt,99871,1
jane eyre,gorinski,./data/gorinski/train/Jane Eyre (2011 film)/script_clean.txt,1229822,3
jason x,gorinski,./data/gorinski/train/Jason X/script_clean.txt,211443,3
jaws,gorinski,./data/gorinski/train/Jaws (film)/script_clean.txt,73195,3
jaws_ the revenge,gorinski,./data/gorinski/train/Jaws_ The Revenge/script_clean.txt,93300,3
jay and silent bob strike back,gorinski,./data/gorinski/train/Jay and Silent Bob Strike Back/script_clean.txt,261392,3
jennifers body,gorinski,./data/gorinski/train/Jennifers Body/script_clean.txt,1131734,3
jerry maguire,gorinski,./data/gorinski/train/Jerry Maguire/script_clean.txt,116695,2
jimmy and judy,gorinski,./data/gorinski/train/Jimmy and Judy/script_clean.txt,425151,
joe versus the volcano,gorinski,./data/gorinski/train/Joe Versus the Volcano/script_clean.txt,99892,2
john q,gorinski,./data/gorinski/train/John Q/script_clean.txt,251160,
judge dredd,gorinski,./data/gorinski/train/Judge Dredd (film)/script_clean.txt,113492,3
jurassic park,gorinski,./data/gorinski/train/Jurassic Park (film)/script_clean.txt,107290,3
kafka,gorinski,./data/gorinski/train/Kafka (film)/script_clean.txt,102181,
kate _ leopold,gorinski,./data/gorinski/train/Kate _ Leopold/script_clean.txt,35423,2
kramer vs. kramer,gorinski,./data/gorinski/train/Kramer vs. Kramer/script_clean.txt,79417,1
krull,gorinski,./data/gorinski/train/Krull (film)/script_clean.txt,85811,1
kundun,gorinski,./data/gorinski/train/Kundun/script_clean.txt,119485,
kung fu panda,gorinski,./data/gorinski/train/Kung Fu Panda/script_clean.txt,441773,3
labyrinth,gorinski,./data/gorinski/train/Labyrinth (film)/script_clean.txt,91369,3
lake placid,gorinski,./data/gorinski/train/Lake Placid (film)/script_clean.txt,139414,
last tango in paris,gorinski,./data/gorinski/train/Last Tango in Paris/script_clean.txt,70849,3
law abiding citizen,gorinski,./data/gorinski/train/Law Abiding Citizen/script_clean.txt,1197624,1
leaving las vegas,gorinski,./data/gorinski/train/Leaving Las Vegas/script_clean.txt,113627,
legend,gorinski,./data/gorinski/train/Legend (1985 film)/script_clean.txt,89469,3
legion,gorinski,./data/gorinski/train/Legion (2010 film)/script_clean.txt,1038686,3
les miserables,gorinski,./data/gorinski/train/Les Miserables (2012 film)/script_clean.txt,1707386,3
lethal weapon,gorinski,./data/gorinski/train/Lethal Weapon/script_clean.txt,93409,1
life,gorinski,./data/gorinski/train/Life (1999 film)/script_clean.txt,123964,
life as a house,gorinski,./data/gorinski/train/Life as a House/script_clean.txt,264796,
life of pi,gorinski,./data/gorinski/train/Life of Pi (film)/script_clean.txt,454876,1
light sleeper,gorinski,./data/gorinski/train/Light Sleeper/script_clean.txt,102307,
limitless,gorinski,./data/gorinski/train/Limitless/script_clean.txt,1219289,1
little athens,gorinski,./data/gorinski/train/Little Athens/script_clean.txt,417907,
little miss sunshine,gorinski,./data/gorinski/train/Little Miss Sunshine/script_clean.txt,449059,3
little monsters,gorinski,./data/gorinski/train/Little Monsters/script_clean.txt,97758,
little nicky,gorinski,./data/gorinski/train/Little Nicky/script_clean.txt,185431,1
living in oblivion,gorinski,./data/gorinski/train/Living in Oblivion/script_clean.txt,113677,
lord of illusions,gorinski,./data/gorinski/train/Lord of Illusions/script_clean.txt,113690,
lost souls,gorinski,./data/gorinski/train/Lost Souls (film)/script_clean.txt,160484,
lost in america,gorinski,./data/gorinski/train/Lost in America/script_clean.txt,89504,
lost in space,gorinski,./data/gorinski/train/Lost in Space (film)/script_clean.txt,5232792,
lost in translation,gorinski,./data/gorinski/train/Lost in Translation (film)/script_clean.txt,335266,3
love _ basketball,gorinski,./data/gorinski/train/Love _ Basketball/script_clean.txt,199725,3
m,gorinski,./data/gorinski/train/M (1931 film)/script_clean.txt,22100,3
machete,gorinski,./data/gorinski/train/Machete (film)/script_clean.txt,985694,3
major league,gorinski,./data/gorinski/train/Major League (film)/script_clean.txt,97815,1
malcolm x,gorinski,./data/gorinski/train/Malcolm X (film)/script_clean.txt,104797,3
malibus most wanted,gorinski,./data/gorinski/train/Malibus Most Wanted/script_clean.txt,328099,
man on fire,gorinski,./data/gorinski/train/Man on Fire (2004 film)/script_clean.txt,328107,
manhunter,gorinski,./data/gorinski/train/Manhunter (film)/script_clean.txt,91474,1
margin call,gorinski,./data/gorinski/train/Margin Call (film)/script_clean.txt,1615147,1
margot at the wedding,gorinski,./data/gorinski/train/Margot at the Wedding/script_clean.txt,757361,3
martha marcy may marlene,gorinski,./data/gorinski/train/Martha Marcy May Marlene/script_clean.txt,1441326,3
mary shelleys frankenstein,gorinski,./data/gorinski/train/Mary Shelleys Frankenstein (film)/script_clean.txt,109836,
mean streets,gorinski,./data/gorinski/train/Mean Streets/script_clean.txt,70379,1
meet joe black,gorinski,./data/gorinski/train/Meet Joe Black/script_clean.txt,119643,1
megamind,gorinski,./data/gorinski/train/Megamind/script_clean.txt,1001526,0
melvin and howard,gorinski,./data/gorinski/train/Melvin and Howard/script_clean.txt,81150,
memento,gorinski,./data/gorinski/train/Memento (film)/script_clean.txt,209144,1
men in black,gorinski,./data/gorinski/train/Men in Black (film)/script_clean.txt,119654,1
midnight cowboy,gorinski,./data/gorinski/train/Midnight Cowboy/script_clean.txt,64665,1
mighty morphin power rangers_ the movie,gorinski,./data/gorinski/train/Mighty Morphin Power Rangers_ The Movie/script_clean.txt,113820,3
millers crossing,gorinski,./data/gorinski/train/Millers Crossing/script_clean.txt,100150,0
minis first time,gorinski,./data/gorinski/train/Minis First Time/script_clean.txt,425253,
minority report,gorinski,./data/gorinski/train/Minority Report (film)/script_clean.txt,181689,1
mirrors,gorinski,./data/gorinski/train/Mirrors (film)/script_clean.txt,790686,1
mission_ impossible,gorinski,./data/gorinski/train/Mission_ Impossible (film)/script_clean.txt,117060,1
mission_ impossible ii,gorinski,./data/gorinski/train/Mission_ Impossible II/script_clean.txt,120755,0
monty python and the holy grail,gorinski,./data/gorinski/train/Monty Python and the Holy Grail/script_clean.txt,71853,2
moonstruck,gorinski,./data/gorinski/train/Moonstruck/script_clean.txt,93565,3
mr. blandings builds his dream house,gorinski,./data/gorinski/train/Mr. Blandings Builds His Dream House/script_clean.txt,40613,3
mrs. brown,gorinski,./data/gorinski/train/Mrs. Brown/script_clean.txt,119280,
mulholland drive,gorinski,./data/gorinski/train/Mulholland Drive (film)/script_clean.txt,166924,3
murderland,gorinski,./data/gorinski/train/Murderland/script_clean.txt,1531804,
music of the heart,gorinski,./data/gorinski/train/Music of the Heart/script_clean.txt,166943,
my best friends wedding,gorinski,./data/gorinski/train/My Best Friends Wedding/script_clean.txt,119738,2
my own private idaho,gorinski,./data/gorinski/train/My Own Private Idaho/script_clean.txt,102494,1
mystery men,gorinski,./data/gorinski/train/Mystery Men/script_clean.txt,132347,1
nashville,gorinski,./data/gorinski/train/Nashville (film)/script_clean.txt,73440,3
national lampoons barely legal,gorinski,./data/gorinski/train/National Lampoons Barely Legal/script_clean.txt,302297,
network,gorinski,./data/gorinski/train/Network (film)/script_clean.txt,74958,3
new york minute,gorinski,./data/gorinski/train/New York Minute (film)/script_clean.txt,363282,1
next friday,gorinski,./data/gorinski/train/Next Friday/script_clean.txt,195945,2
nightbreed,gorinski,./data/gorinski/train/Nightbreed/script_clean.txt,100260,
nine,gorinski,./data/gorinski/train/Nine (2009 live-action film)/script_clean.txt,875034,2
ninja assassin,gorinski,./data/gorinski/train/Ninja Assassin/script_clean.txt,1186367,1
nixon,gorinski,./data/gorinski/train/Nixon (film)/script_clean.txt,2093991,2
no country for old men,gorinski,./data/gorinski/train/No Country for Old Men (film)/script_clean.txt,477348,3
nothing but a man,gorinski,./data/gorinski/train/Nothing But a Man/script_clean.txt,58414,
notting hill,gorinski,./data/gorinski/train/Notting Hill (film)/script_clean.txt,125439,3
nurse betty,gorinski,./data/gorinski/train/Nurse Betty/script_clean.txt,171580,
observe and report,gorinski,./data/gorinski/train/Observe and Report/script_clean.txt,1197628,
oceans twelve,gorinski,./data/gorinski/train/Oceans Twelve/script_clean.txt,349903,2
office space,gorinski,./data/gorinski/train/Office Space/script_clean.txt,151804,1
on the waterfront,gorinski,./data/gorinski/train/On the Waterfront/script_clean.txt,47296,0
one flew over the cuckoos nest,gorinski,./data/gorinski/train/One Flew Over the Cuckoos Nest (film)/script_clean.txt,73486,2
only god forgives,gorinski,./data/gorinski/train/Only God Forgives/script_clean.txt,1602613,3
only you,gorinski,./data/gorinski/train/Only You (1994 film)/script_clean.txt,110737,
ordinary people,gorinski,./data/gorinski/train/Ordinary People/script_clean.txt,81283,2
out of sight,gorinski,./data/gorinski/train/Out of Sight/script_clean.txt,120780,2
panther,gorinski,./data/gorinski/train/Panther (film)/script_clean.txt,114084,
pariah,gorinski,./data/gorinski/train/Pariah (2011 film)/script_clean.txt,1233334,3
pearl harbor,gorinski,./data/gorinski/train/Pearl Harbor (film)/script_clean.txt,213149,2
peeping tom,gorinski,./data/gorinski/train/Peeping Tom (film)/script_clean.txt,54167,2
perfect creature,gorinski,./data/gorinski/train/Perfect Creature/script_clean.txt,403407,
pet sematary,gorinski,./data/gorinski/train/Pet Sematary (film)/script_clean.txt,98084,
pet sematary two,gorinski,./data/gorinski/train/Pet Sematary Two/script_clean.txt,105128,
pi,gorinski,./data/gorinski/train/Pi (film)/script_clean.txt,138704,2
platoon,gorinski,./data/gorinski/train/Platoon (film)/script_clean.txt,91763,0
point break,gorinski,./data/gorinski/train/Point Break/script_clean.txt,102685,0
portrait of jennie,gorinski,./data/gorinski/train/Portrait of Jennie/script_clean.txt,40705,
precious,gorinski,./data/gorinski/train/Precious (film)/script_clean.txt,929632,3
predator,gorinski,./data/gorinski/train/Predator (film)/script_clean.txt,93773,0
prometheus,gorinski,./data/gorinski/train/Prometheus (2012 film)/script_clean.txt,1446714,3
psycho,gorinski,./data/gorinski/train/Psycho (1960 film)/script_clean.txt,54215,1
pulp fiction,gorinski,./data/gorinski/train/Pulp Fiction/script_clean.txt,110912,3
purple rain,gorinski,./data/gorinski/train/Purple Rain (film)/script_clean.txt,87957,3
queen of the damned,gorinski,./data/gorinski/train/Queen of the Damned/script_clean.txt,238546,3
rachel getting married,gorinski,./data/gorinski/train/Rachel Getting Married/script_clean.txt,1084950,3
raging bull,gorinski,./data/gorinski/train/Raging Bull/script_clean.txt,81398,1
raiders of the lost ark,gorinski,./data/gorinski/train/Raiders of the Lost Ark/script_clean.txt,82971,3
rambling rose,gorinski,./data/gorinski/train/Rambling Rose (film)/script_clean.txt,102753,
rapture,gorinski,./data/gorinski/train/Rapture (1965 film)/script_clean.txt,102757,
rear window,gorinski,./data/gorinski/train/Rear Window/script_clean.txt,47396,3
remember me,gorinski,./data/gorinski/train/Remember Me (2010 film)/script_clean.txt,1403981,3
resident evil,gorinski,./data/gorinski/train/Resident Evil (film)/script_clean.txt,120804,3
return of the jedi,gorinski,./data/gorinski/train/Return of the Jedi/script_clean.txt,86190,1
return to me,gorinski,./data/gorinski/train/Return to Me/script_clean.txt,122459,3
ride the high country,gorinski,./data/gorinski/train/Ride the High Country/script_clean.txt,56412,
robin hood_ prince of thieves,gorinski,./data/gorinski/train/Robin Hood_ Prince of Thieves/script_clean.txt,102798,3
rocknrolla,gorinski,./data/gorinski/train/RocknRolla/script_clean.txt,1032755,1
romeo + juliet,gorinski,./data/gorinski/train/Romeo + Juliet/script_clean.txt,117509,3
roughshod,gorinski,./data/gorinski/train/Roughshod (film)/script_clean.txt,41827,
runaway bride,gorinski,./data/gorinski/train/Runaway Bride (1999 film)/script_clean.txt,163187,
rush hour,gorinski,./data/gorinski/train/Rush Hour (1998 film)/script_clean.txt,120812,3
rush hour 2,gorinski,./data/gorinski/train/Rush Hour 2/script_clean.txt,266915,0
rushmore,gorinski,./data/gorinski/train/Rushmore (film)/script_clean.txt,128445,3
s. darko,gorinski,./data/gorinski/train/S. Darko/script_clean.txt,1231277,
save the last dance,gorinski,./data/gorinski/train/Save the Last Dance/script_clean.txt,206275,3
scary movie 2,gorinski,./data/gorinski/train/Scary Movie 2/script_clean.txt,257106,3
scary movie,gorinski,./data/gorinski/train/Scary Movie/script_clean.txt,175142,3
schindlers list,gorinski,./data/gorinski/train/Schindlers List/script_clean.txt,108052,3
scream 2,gorinski,./data/gorinski/train/Scream 2/script_clean.txt,120082,3
scream 3,gorinski,./data/gorinski/train/Scream 3/script_clean.txt,134084,3
sense and sensibility,gorinski,./data/gorinski/train/Sense and Sensibility (film)/script_clean.txt,114388,3
serial mom,gorinski,./data/gorinski/train/Serial Mom/script_clean.txt,111127,3
sex and the city,gorinski,./data/gorinski/train/Sex and the City (film)/script_clean.txt,1000774,3
shallow grave,gorinski,./data/gorinski/train/Shallow Grave/script_clean.txt,111149,
shame,gorinski,./data/gorinski/train/Shame (2011 film)/script_clean.txt,1723811,1
shampoo,gorinski,./data/gorinski/train/Shampoo (film)/script_clean.txt,73692,
sherlock holmes,gorinski,./data/gorinski/train/Sherlock Holmes (2009 film)/script_clean.txt,988045,1
shes out of my league,gorinski,./data/gorinski/train/Shes Out of My League/script_clean.txt,815236,
shifty,gorinski,./data/gorinski/train/Shifty (film)/script_clean.txt,1104126,
shine,gorinski,./data/gorinski/train/Shine (film)/script_clean.txt,117631,
shivers,gorinski,./data/gorinski/train/Shivers (film)/script_clean.txt,73705,
shrek the third,gorinski,./data/gorinski/train/Shrek the Third/script_clean.txt,413267,3
signs,gorinski,./data/gorinski/train/Signs (film)/script_clean.txt,286106,1
silver bullet,gorinski,./data/gorinski/train/Silver Bullet (film)/script_clean.txt,90021,
silver linings playbook,gorinski,./data/gorinski/train/Silver Linings Playbook/script_clean.txt,1045658,3
sister act,gorinski,./data/gorinski/train/Sister Act/script_clean.txt,105417,3
sleepy hollow,gorinski,./data/gorinski/train/Sleepy Hollow (film)/script_clean.txt,162661,3
sling blade,gorinski,./data/gorinski/train/Sling Blade/script_clean.txt,117666,
smoke,gorinski,./data/gorinski/train/Smoke (film)/script_clean.txt,114478,
smokin aces,gorinski,./data/gorinski/train/Smokin Aces/script_clean.txt,475394,3
snow falling on cedars,gorinski,./data/gorinski/train/Snow Falling on Cedars (film)/script_clean.txt,120834,
solaris,gorinski,./data/gorinski/train/Solaris (2002 film)/script_clean.txt,69293,1
some like it hot,gorinski,./data/gorinski/train/Some Like It Hot/script_clean.txt,53291,3
someone to watch over me,gorinski,./data/gorinski/train/Someone to Watch Over Me (film)/script_clean.txt,94008,
somethings gotta give,gorinski,./data/gorinski/train/Somethings Gotta Give (film)/script_clean.txt,337741,3
sounder,gorinski,./data/gorinski/train/Sounder (film)/script_clean.txt,69303,
spare me,gorinski,./data/gorinski/train/Spare Me (film)/script_clean.txt,7150322,
sphere,gorinski,./data/gorinski/train/Sphere (film)/script_clean.txt,120184,1
star trek,gorinski,./data/gorinski/train/Star Trek (film)/script_clean.txt,60028,
star trek ii_ the wrath of khan,gorinski,./data/gorinski/train/Star Trek II_ The Wrath of Khan/script_clean.txt,84726,3
star trek vi_ the undiscovered country,gorinski,./data/gorinski/train/Star Trek VI_ The Undiscovered Country/script_clean.txt,102975,2
star trek v_ the final frontier,gorinski,./data/gorinski/train/Star Trek V_ The Final Frontier/script_clean.txt,98382,1
star trek_ first contact,gorinski,./data/gorinski/train/Star Trek_ First Contact/script_clean.txt,117731,3
star trek_ the motion picture,gorinski,./data/gorinski/train/Star Trek_ The Motion Picture/script_clean.txt,79945,1
star wars,gorinski,./data/gorinski/train/Star Wars (film)/script_clean.txt,76759,1
star wars episode iii_ revenge of the sith,gorinski,./data/gorinski/train/Star Wars Episode III_ Revenge of the Sith/script_clean.txt,121766,1
starman,gorinski,./data/gorinski/train/Starman (film)/script_clean.txt,88172,0
starship troopers,gorinski,./data/gorinski/train/Starship Troopers (film)/script_clean.txt,120201,3
stigmata,gorinski,./data/gorinski/train/Stigmata (film)/script_clean.txt,145531,
stolen summer,gorinski,./data/gorinski/train/Stolen Summer/script_clean.txt,286162,
storytelling,gorinski,./data/gorinski/train/Storytelling (film)/script_clean.txt,250081,
strange days,gorinski,./data/gorinski/train/Strange Days (film)/script_clean.txt,114558,3
strangers on a train,gorinski,./data/gorinski/train/Strangers on a Train (film)/script_clean.txt,44079,2
suburbia,gorinski,./data/gorinski/train/SubUrbia (film)/script_clean.txt,120238,
super 8,gorinski,./data/gorinski/train/Super 8 (film)/script_clean.txt,1650062,3
superbad,gorinski,./data/gorinski/train/Superbad (film)/script_clean.txt,829482,2
superman,gorinski,./data/gorinski/train/Superman (1978 film)/script_clean.txt,78346,1
superman iv_ the quest for peace,gorinski,./data/gorinski/train/Superman IV_ The Quest for Peace/script_clean.txt,94074,3
sweeney todd_ the demon barber of fleet street,gorinski,./data/gorinski/train/Sweeney Todd_ The Demon Barber of Fleet Street (2007 film)/script_clean.txt,408236,1
sweet smell of success,gorinski,./data/gorinski/train/Sweet Smell of Success/script_clean.txt,51036,1
swordfish,gorinski,./data/gorinski/train/Swordfish (film)/script_clean.txt,244244,1
taking lives,gorinski,./data/gorinski/train/Taking Lives (film)/script_clean.txt,364045,2
taking sides,gorinski,./data/gorinski/train/Taking Sides (film)/script_clean.txt,260414,
ted,gorinski,./data/gorinski/train/Ted (film)/script_clean.txt,1637725,2
terminator 2_ judgment day,gorinski,./data/gorinski/train/Terminator 2_ Judgment Day/script_clean.txt,244839,
the abyss,gorinski,./data/gorinski/train/The Abyss/script_clean.txt,96754,3
the addams family,gorinski,./data/gorinski/train/The Addams Family (film)/script_clean.txt,101272,3
the adventures of ford fairlane,gorinski,./data/gorinski/train/The Adventures of Ford Fairlane/script_clean.txt,98987,
the african queen,gorinski,./data/gorinski/train/The African Queen (film)/script_clean.txt,43265,0
the american,gorinski,./data/gorinski/train/The American (2010 film)/script_clean.txt,1440728,1
the apartment,gorinski,./data/gorinski/train/The Apartment/script_clean.txt,53604,3
the atomic submarine,gorinski,./data/gorinski/train/The Atomic Submarine/script_clean.txt,52587,
the avengers,gorinski,./data/gorinski/train/The Avengers (1998 film)/script_clean.txt,118661,3
the believer,gorinski,./data/gorinski/train/The Believer (film)/script_clean.txt,247199,
the big blue,gorinski,./data/gorinski/train/The Big Blue/script_clean.txt,95250,
the big lebowski,gorinski,./data/gorinski/train/The Big Lebowski/script_clean.txt,118715,1
the big white,gorinski,./data/gorinski/train/The Big White/script_clean.txt,402850,
the birds,gorinski,./data/gorinski/train/The Birds (film)/script_clean.txt,56869,3
the black dahlia,gorinski,./data/gorinski/train/The Black Dahlia (film)/script_clean.txt,387877,1
the bodyguard,gorinski,./data/gorinski/train/The Bodyguard (1992 film)/script_clean.txt,103855,
the bonfire of the vanities,gorinski,./data/gorinski/train/The Bonfire of the Vanities (film)/script_clean.txt,99165,2
the book of eli,gorinski,./data/gorinski/train/The Book of Eli/script_clean.txt,1037705,3
the boondock saints ii_ all saints day,gorinski,./data/gorinski/train/The Boondock Saints II_ All Saints Day/script_clean.txt,1300851,0
the bounty hunter,gorinski,./data/gorinski/train/The Bounty Hunter (2010 film)/script_clean.txt,1038919,
the bourne ultimatum,gorinski,./data/gorinski/train/The Bourne Ultimatum (film)/script_clean.txt,440963,2
the bridges of madison county,gorinski,./data/gorinski/train/The Bridges of Madison County (film)/script_clean.txt,112579,3
the cable guy,gorinski,./data/gorinski/train/The Cable Guy/script_clean.txt,115798,1
the cell,gorinski,./data/gorinski/train/The Cell/script_clean.txt,209958,2
the cider house rules,gorinski,./data/gorinski/train/The Cider House Rules (film)/script_clean.txt,124315,3
the cincinnati kid,gorinski,./data/gorinski/train/The Cincinnati Kid/script_clean.txt,59037,
the company of wolves,gorinski,./data/gorinski/train/The Company of Wolves/script_clean.txt,87075,
the cooler,gorinski,./data/gorinski/train/The Cooler/script_clean.txt,318374,
the crow,gorinski,./data/gorinski/train/The Crow (film)/script_clean.txt,109506,3
the crow_ salvation,gorinski,./data/gorinski/train/The Crow_ Salvation/script_clean.txt,132910,
the damned united,gorinski,./data/gorinski/train/The Damned United/script_clean.txt,1226271,
the dark knight,gorinski,./data/gorinski/train/The Dark Knight (film)/script_clean.txt,468569,3
the day the earth stood still,gorinski,./data/gorinski/train/The Day the Earth Stood Still/script_clean.txt,970416,3
the deer hunter,gorinski,./data/gorinski/train/The Deer Hunter/script_clean.txt,77416,1
the departed,gorinski,./data/gorinski/train/The Departed/script_clean.txt,407887,1
the devils advocate,gorinski,./data/gorinski/train/The Devils Advocate (1997 film)/script_clean.txt,118971,3
the distinguished gentleman,gorinski,./data/gorinski/train/The Distinguished Gentleman/script_clean.txt,104114,
the doors,gorinski,./data/gorinski/train/The Doors (film)/script_clean.txt,101761,
the elephant man,gorinski,./data/gorinski/train/The Elephant Man (film)/script_clean.txt,80678,
the english patient,gorinski,./data/gorinski/train/The English Patient (film)/script_clean.txt,116209,3
the evil dead,gorinski,./data/gorinski/train/The Evil Dead/script_clean.txt,83907,1
the exorcist,gorinski,./data/gorinski/train/The Exorcist (film)/script_clean.txt,70047,3
the fabulous baker boys,gorinski,./data/gorinski/train/The Fabulous Baker Boys/script_clean.txt,97322,
the faculty,gorinski,./data/gorinski/train/The Faculty/script_clean.txt,133751,3
the flintstones,gorinski,./data/gorinski/train/The Flintstones (film)/script_clean.txt,109813,3
the french connection,gorinski,./data/gorinski/train/The French Connection (film)/script_clean.txt,67116,1
the fugitive,gorinski,./data/gorinski/train/The Fugitive (1993 film)/script_clean.txt,106977,2
the game,gorinski,./data/gorinski/train/The Game (1997 film)/script_clean.txt,119174,1
the girl with the dragon tattoo,gorinski,./data/gorinski/train/The Girl with the Dragon Tattoo (2011 film)/script_clean.txt,1568346,1
the godfather part ii,gorinski,./data/gorinski/train/The Godfather Part II/script_clean.txt,71562,2
the graduate,gorinski,./data/gorinski/train/The Graduate/script_clean.txt,61722,2
the green mile,gorinski,./data/gorinski/train/The Green Mile (film)/script_clean.txt,120689,1
the grudge,gorinski,./data/gorinski/train/The Grudge/script_clean.txt,391198,3
the hangover,gorinski,./data/gorinski/train/The Hangover/script_clean.txt,1119646,1
the help,gorinski,./data/gorinski/train/The Help (film)/script_clean.txt,1454029,3
the hitchhikers guide to the galaxy,gorinski,./data/gorinski/train/The Hitchhikers Guide to the Galaxy (film)/script_clean.txt,371724,1
the horse whisperer,gorinski,./data/gorinski/train/The Horse Whisperer (film)/script_clean.txt,119314,
the ides of march,gorinski,./data/gorinski/train/The Ides of March (film)/script_clean.txt,1124035,1
the informant!,gorinski,./data/gorinski/train/The Informant!/script_clean.txt,1130080,1
the iron lady,gorinski,./data/gorinski/train/The Iron Lady (film)/script_clean.txt,1007029,3
the italian job,gorinski,./data/gorinski/train/The Italian Job (2003 film)/script_clean.txt,317740,1
the jackie robinson story,gorinski,./data/gorinski/train/The Jackie Robinson Story/script_clean.txt,42609,
the king of comedy,gorinski,./data/gorinski/train/The King of Comedy (1983 film)/script_clean.txt,85794,1
the kingdom,gorinski,./data/gorinski/train/The Kingdom (film)/script_clean.txt,431197,
the kings speech,gorinski,./data/gorinski/train/The Kings Speech/script_clean.txt,1504320,3
the last station,gorinski,./data/gorinski/train/The Last Station/script_clean.txt,824758,3
the last of the mohicans,gorinski,./data/gorinski/train/The Last of the Mohicans (1992 film)/script_clean.txt,104691,2
the life of david gale,gorinski,./data/gorinski/train/The Life of David Gale/script_clean.txt,289992,
the lord of the rings_ the fellowship of the ring,gorinski,./data/gorinski/train/The Lord of the Rings_ The Fellowship of the Ring/script_clean.txt,120737,1
the lost boys,gorinski,./data/gorinski/train/The Lost Boys/script_clean.txt,93437,1
the lost weekend,gorinski,./data/gorinski/train/The Lost Weekend (film)/script_clean.txt,37884,2
the lost world_ jurassic park,gorinski,./data/gorinski/train/The Lost World_ Jurassic Park/script_clean.txt,119567,3
the majestic,gorinski,./data/gorinski/train/The Majestic (film)/script_clean.txt,268995,1
the man in the iron mask,gorinski,./data/gorinski/train/The Man in the Iron Mask (1998 film)/script_clean.txt,120744,1
the mask,gorinski,./data/gorinski/train/The Mask (film)/script_clean.txt,110475,1
the matrix reloaded,gorinski,./data/gorinski/train/The Matrix Reloaded/script_clean.txt,234215,3
the matrix,gorinski,./data/gorinski/train/The Matrix/script_clean.txt,133093,3
the men who stare at goats,gorinski,./data/gorinski/train/The Men Who Stare at Goats (film)/script_clean.txt,1234548,0
the messenger_ the story of joan of arc,gorinski,./data/gorinski/train/The Messenger_ The Story of Joan of Arc/script_clean.txt,151137,
the naked city,gorinski,./data/gorinski/train/The Naked City/script_clean.txt,40636,
the night of the hunter,gorinski,./data/gorinski/train/The Night of the Hunter (film)/script_clean.txt,48424,3
the nines,gorinski,./data/gorinski/train/The Nines/script_clean.txt,810988,
the ninth gate,gorinski,./data/gorinski/train/The Ninth Gate/script_clean.txt,142688,1
the omega man,gorinski,./data/gorinski/train/The Omega Man/script_clean.txt,67525,
the patriot,gorinski,./data/gorinski/train/The Patriot (2000 film)/script_clean.txt,187393,3
the perks of being a wallflower,gorinski,./data/gorinski/train/The Perks of Being a Wallflower (film)/script_clean.txt,1659337,3
the pianist,gorinski,./data/gorinski/train/The Pianist (2002 film)/script_clean.txt,253474,1
the ploughmans lunch,gorinski,./data/gorinski/train/The Ploughmans Lunch/script_clean.txt,86122,
the postman,gorinski,./data/gorinski/train/The Postman (film)/script_clean.txt,119925,1
the power of one,gorinski,./data/gorinski/train/The Power of One (film)/script_clean.txt,105159,
the program,gorinski,./data/gorinski/train/The Program/script_clean.txt,107889,
the prophecy,gorinski,./data/gorinski/train/The Prophecy/script_clean.txt,114194,
the public eye,gorinski,./data/gorinski/train/The Public Eye (film)/script_clean.txt,105187,
the reader,gorinski,./data/gorinski/train/The Reader (2008 film)/script_clean.txt,976051,1
the relic,gorinski,./data/gorinski/train/The Relic (film)/script_clean.txt,120004,
the replacements,gorinski,./data/gorinski/train/The Replacements (film)/script_clean.txt,191397,
the rock,gorinski,./data/gorinski/train/The Rock (film)/script_clean.txt,117500,1
the saint,gorinski,./data/gorinski/train/The Saint (film)/script_clean.txt,2569088,
the seventh victim,gorinski,./data/gorinski/train/The Seventh Victim/script_clean.txt,36341,3
the shawshank redemption,gorinski,./data/gorinski/train/The Shawshank Redemption/script_clean.txt,111161,0
the siege,gorinski,./data/gorinski/train/The Siege/script_clean.txt,133952,
the silence of the lambs,gorinski,./data/gorinski/train/The Silence of the Lambs (film)/script_clean.txt,102926,3
the sixth sense,gorinski,./data/gorinski/train/The Sixth Sense/script_clean.txt,167404,3
the straight story,gorinski,./data/gorinski/train/The Straight Story/script_clean.txt,166896,3
the stunt man,gorinski,./data/gorinski/train/The Stunt Man/script_clean.txt,81568,
the swimmer,gorinski,./data/gorinski/train/The Swimmer (1968 film)/script_clean.txt,63663,
the taking of pelham one two three,gorinski,./data/gorinski/train/The Taking of Pelham One Two Three (1974 film)/script_clean.txt,72251,
the thin man,gorinski,./data/gorinski/train/The Thin Man (film)/script_clean.txt,25878,
the thing called love,gorinski,./data/gorinski/train/The Thing Called Love/script_clean.txt,108327,
the thing from another world,gorinski,./data/gorinski/train/The Thing from Another World/script_clean.txt,44121,1
the third man,gorinski,./data/gorinski/train/The Third Man/script_clean.txt,41959,0
the three musketeers,gorinski,./data/gorinski/train/The Three Musketeers (1993 film)/script_clean.txt,1509767,2
the time machine,gorinski,./data/gorinski/train/The Time Machine (1960 film)/script_clean.txt,54387,
the tourist,gorinski,./data/gorinski/train/The Tourist (2010 film)/script_clean.txt,1243957,0
the transformers_ the movie,gorinski,./data/gorinski/train/The Transformers_ The Movie/script_clean.txt,92106,0
the truman show,gorinski,./data/gorinski/train/The Truman Show/script_clean.txt,120382,1
the twilight saga_ new moon,gorinski,./data/gorinski/train/The Twilight Saga_ New Moon/script_clean.txt,1259571,3
the usual suspects,gorinski,./data/gorinski/train/The Usual Suspects/script_clean.txt,114814,1
the village,gorinski,./data/gorinski/train/The Village (2004 film)/script_clean.txt,368447,3
the whistleblower,gorinski,./data/gorinski/train/The Whistleblower/script_clean.txt,896872,3
the white ribbon,gorinski,./data/gorinski/train/The White Ribbon/script_clean.txt,1149362,
the wild one,gorinski,./data/gorinski/train/The Wild One/script_clean.txt,47677,1
the wrestler,gorinski,./data/gorinski/train/The Wrestler (2008 film)/script_clean.txt,1125849,1
the x-files,gorinski,./data/gorinski/train/The X-Files (film)/script_clean.txt,120902,3
theres something about mary,gorinski,./data/gorinski/train/Theres Something About Mary/script_clean.txt,129387,3
thirteen days,gorinski,./data/gorinski/train/Thirteen Days (film)/script_clean.txt,146309,1
this boys life,gorinski,./data/gorinski/train/This Boys Life (film)/script_clean.txt,108330,
this is 40,gorinski,./data/gorinski/train/This Is 40/script_clean.txt,1758830,3
three kings,gorinski,./data/gorinski/train/Three Kings (1999 film)/script_clean.txt,120188,
thunderheart,gorinski,./data/gorinski/train/Thunderheart/script_clean.txt,105585,
ticker,gorinski,./data/gorinski/train/Ticker (2001 film)/script_clean.txt,196158,
tin cup,gorinski,./data/gorinski/train/Tin Cup/script_clean.txt,117918,
tombstone,gorinski,./data/gorinski/train/Tombstone (film)/script_clean.txt,108358,3
toy story,gorinski,./data/gorinski/train/Toy Story/script_clean.txt,114709,1
trainspotting,gorinski,./data/gorinski/train/Trainspotting (film)/script_clean.txt,117951,2
tron_ legacy,gorinski,./data/gorinski/train/Tron_ Legacy/script_clean.txt,1104001,1
true believer,gorinski,./data/gorinski/train/True Believer (1989 film)/script_clean.txt,98524,
true grit,gorinski,./data/gorinski/train/True Grit (2010 film)/script_clean.txt,1403865,3
true romance,gorinski,./data/gorinski/train/True Romance/script_clean.txt,108399,1
two for the money,gorinski,./data/gorinski/train/Two for the Money (film)/script_clean.txt,417217,
u turn,gorinski,./data/gorinski/train/U Turn (1997 film)/script_clean.txt,120399,
unbreakable,gorinski,./data/gorinski/train/Unbreakable (film)/script_clean.txt,217869,0
urban legend,gorinski,./data/gorinski/train/Urban Legend (film)/script_clean.txt,146336,3
v for vendetta,gorinski,./data/gorinski/train/V for Vendetta (film)/script_clean.txt,434409,3
valkyrie,gorinski,./data/gorinski/train/Valkyrie (film)/script_clean.txt,985699,1
virtuosity,gorinski,./data/gorinski/train/Virtuosity/script_clean.txt,114857,
wall-e,gorinski,./data/gorinski/train/WALL-E/script_clean.txt,910970,1
wag the dog,gorinski,./data/gorinski/train/Wag the Dog/script_clean.txt,120885,
walking tall,gorinski,./data/gorinski/train/Walking Tall (2004 film)/script_clean.txt,351977,
wall street,gorinski,./data/gorinski/train/Wall Street (1987 film)/script_clean.txt,94291,
war horse,gorinski,./data/gorinski/train/War Horse (film)/script_clean.txt,1568911,1
war of the worlds,gorinski,./data/gorinski/train/War of the Worlds (2005 film)/script_clean.txt,46534,1
warm springs,gorinski,./data/gorinski/train/Warm Springs (film)/script_clean.txt,423510,
warrior,gorinski,./data/gorinski/train/Warrior (2011 film)/script_clean.txt,1291584,1
wes cravens new nightmare,gorinski,./data/gorinski/train/Wes Cravens New Nightmare/script_clean.txt,111686,3
what about bob,gorinski,./data/gorinski/train/What About Bob/script_clean.txt,103241,2
what lies beneath,gorinski,./data/gorinski/train/What Lies Beneath/script_clean.txt,161081,3
while she was out,gorinski,./data/gorinski/train/While She Was Out/script_clean.txt,887971,3
white squall,gorinski,./data/gorinski/train/White Squall (film)/script_clean.txt,118158,
whiteout,gorinski,./data/gorinski/train/Whiteout (2009 film)/script_clean.txt,365929,3
who framed roger rabbit,gorinski,./data/gorinski/train/Who Framed Roger Rabbit/script_clean.txt,96438,1
whos your daddy,gorinski,./data/gorinski/train/Whos Your Daddy (film)/script_clean.txt,287138,
wild things,gorinski,./data/gorinski/train/Wild Things/script_clean.txt,120890,3
wild things_ diamonds in the rough,gorinski,./data/gorinski/train/Wild Things_ Diamonds in the Rough/script_clean.txt,448179,3
wild wild west,gorinski,./data/gorinski/train/Wild Wild West/script_clean.txt,120891,2
wild at heart,gorinski,./data/gorinski/train/Wild at Heart (film)/script_clean.txt,100935,2
willow,gorinski,./data/gorinski/train/Willow (film)/script_clean.txt,96446,3
wind chill,gorinski,./data/gorinski/train/Wind Chill (film)/script_clean.txt,486051,
wonder boys,gorinski,./data/gorinski/train/Wonder Boys (film)/script_clean.txt,185014,
x-men,gorinski,./data/gorinski/train/X-Men (film)/script_clean.txt,120903,1
xxx,gorinski,./data/gorinski/train/XXX (film)/script_clean.txt,295701,1
yes man,gorinski,./data/gorinski/train/Yes Man (film)/script_clean.txt,1068680,1
you can count on me,gorinski,./data/gorinski/train/You Can Count on Me/script_clean.txt,203230,
youth in revolt,gorinski,./data/gorinski/train/Youth in Revolt (film)/script_clean.txt,403702,1
zulu dawn,gorinski,./data/gorinski/train/Zulu Dawn/script_clean.txt,80180,
